/usr/local/lib/python3.8/dist-packages/transformers/utils/hub.py:124: FutureWarning: Using `TRANSFORMERS_CACHE` is deprecated and will be removed in v5 of Transformers. Use `HF_HOME` instead.
  warnings.warn(
/usr/local/lib/python3.8/dist-packages/huggingface_hub/file_download.py:949: FutureWarning: `resume_download` is deprecated and will be removed in version 1.0.0. Downloads always resume when possible. If you want to force a new download, use `force_download=True`.
  warnings.warn(
A new version of the following files was downloaded from https://huggingface.co/openvla/openvla-7b:
- processing_prismatic.py
. Make sure to double-check they do not contain any added malicious code. To avoid downloading new versions of the code file, you can pin a revision.
/usr/local/lib/python3.8/dist-packages/huggingface_hub/file_download.py:949: FutureWarning: `resume_download` is deprecated and will be removed in version 1.0.0. Downloads always resume when possible. If you want to force a new download, use `force_download=True`.
  warnings.warn(
A new version of the following files was downloaded from https://huggingface.co/openvla/openvla-7b:
- processing_prismatic.py
. Make sure to double-check they do not contain any added malicious code. To avoid downloading new versions of the code file, you can pin a revision.
A new version of the following files was downloaded from https://huggingface.co/openvla/openvla-7b:
- configuration_prismatic.py
. Make sure to double-check they do not contain any added malicious code. To avoid downloading new versions of the code file, you can pin a revision.
A new version of the following files was downloaded from https://huggingface.co/openvla/openvla-7b:
- modeling_prismatic.py
. Make sure to double-check they do not contain any added malicious code. To avoid downloading new versions of the code file, you can pin a revision.
Loading checkpoint shards:   0%|          | 0/4 [00:00<?, ?it/s]Loading checkpoint shards:  25%|██▌       | 1/4 [00:00<00:00,  4.40it/s]Loading checkpoint shards:  50%|█████     | 2/4 [00:00<00:00,  4.99it/s]Loading checkpoint shards:  75%|███████▌  | 3/4 [00:00<00:00,  5.22it/s]Loading checkpoint shards: 100%|██████████| 4/4 [00:00<00:00,  5.44it/s]Loading checkpoint shards: 100%|██████████| 4/4 [00:00<00:00,  5.25it/s]
[INFO] Loaded dataset statistics from: /data/Raccoonbot_Openvla/openvla/openvla-runs/openvla-7b+raccoon_pick_place+b16+lr-0.0005+lora-r32+dropout-0.0--2024405002-extended-smoke-retry--image_aug/dataset_statistics.json
[INFO] Available norm_stats keys: ['raccoon_pick_place']
[PREDICT] instruction=grasp the red cylinder
[PREDICT] unnorm_key=raccoon_pick_place
[PREDICT] action=[-0.0055800438423586176, 0.0021832978946508333, -0.001040667194014808, 0.0, 0.0, 0.0, 0.0]
[PREDICT] instruction=grasp the red cylinder
[PREDICT] unnorm_key=raccoon_pick_place
[PREDICT] action=[-0.0055800438423586176, 0.0021832978946508333, -0.001040667194014808, 0.0, 0.0, 0.0, 0.0]
[PREDICT] instruction=grasp the red cylinder
[PREDICT] unnorm_key=raccoon_pick_place
[PREDICT] action=[-0.0055800438423586176, 0.0021832978946508333, -0.001040667194014808, 0.0, 0.0, 0.0, 0.0]
[PREDICT] instruction=grasp the red cylinder
[PREDICT] unnorm_key=raccoon_pick_place
[PREDICT] action=[-0.0014451390630108932, 0.011134109067554843, -0.0016178232852332962, 0.0, 0.0, 0.0, 0.0]
[PREDICT] instruction=grasp the red cylinder
[PREDICT] unnorm_key=raccoon_pick_place
[PREDICT] action=[-0.0014451390630108932, 0.011134109067554843, -0.0016178232852332962, 0.0, 0.0, 0.0, 0.0]
[PREDICT] instruction=grasp the red cylinder
[PREDICT] unnorm_key=raccoon_pick_place
[PREDICT] action=[-0.0007260251883417241, 0.011134109067554843, -0.0016178232852332962, 0.0, 0.0, 0.0, 0.0]
[PREDICT] instruction=grasp the red cylinder
[PREDICT] unnorm_key=raccoon_pick_place
[PREDICT] action=[-0.0014451390630108932, 0.011134109067554843, -0.0016178232852332962, 0.0, 0.0, 0.0, 0.0]
[PREDICT] instruction=grasp the red cylinder
[PREDICT] unnorm_key=raccoon_pick_place
[PREDICT] action=[-0.0007260251883417241, 0.011134109067554843, -0.0016178232852332962, 0.0, 0.0, 0.0, 0.0]
[PREDICT] instruction=grasp the red cylinder
[PREDICT] unnorm_key=raccoon_pick_place
[PREDICT] action=[-0.0004563574853407859, 0.011134109067554843, -0.0016178232852332962, 0.0, 0.0, 0.0, 0.0]
[PREDICT] instruction=grasp the red cylinder
[PREDICT] unnorm_key=raccoon_pick_place
[PREDICT] action=[-0.0006361359540080786, 0.007416832296294161, 0.0015565352164683775, 0.0, 0.0, 0.0, 0.0]
[PREDICT] instruction=grasp the red cylinder
[PREDICT] unnorm_key=raccoon_pick_place
[PREDICT] action=[-0.0006361359540080786, 0.007416832296294161, 0.0015565352164683775, 0.0, 0.0, 0.0, 0.0]
[PREDICT] instruction=grasp the red cylinder
[PREDICT] unnorm_key=raccoon_pick_place
[PREDICT] action=[-0.0006361359540080786, 0.007416832296294161, 0.0015565352164683775, 0.0, 0.0, 0.0, 0.0]
[PREDICT] instruction=grasp the red cylinder
[PREDICT] unnorm_key=raccoon_pick_place
[PREDICT] action=[-0.0014451390630108932, 0.011134109067554843, -0.001040667194014808, 0.0, 0.0, 0.0, 0.0]
[PREDICT] instruction=grasp the red cylinder
[PREDICT] unnorm_key=raccoon_pick_place
[PREDICT] action=[-0.0004563574853407859, 0.011134109067554843, -0.002291172058321529, 0.0, 0.0, 0.0, 0.0]
[PREDICT] instruction=grasp the red cylinder
[PREDICT] unnorm_key=raccoon_pick_place
[PREDICT] action=[-0.0006361359540080786, 0.007416832296294161, 0.0015565352164683775, 0.0, 0.0, 0.0, 0.0]
[PREDICT] instruction=grasp the red cylinder
[PREDICT] unnorm_key=raccoon_pick_place
[PREDICT] action=[-0.0004563574853407859, 0.011134109067554843, -0.002291172058321529, 0.0, 0.0, 0.0, 0.0]
[PREDICT] instruction=grasp the red cylinder
[PREDICT] unnorm_key=raccoon_pick_place
[PREDICT] action=[-0.0004563574853407859, 0.011134109067554843, -0.002291172058321529, 0.0, 0.0, 0.0, 0.0]
[PREDICT] instruction=grasp the red cylinder
[PREDICT] unnorm_key=raccoon_pick_place
[PREDICT] action=[-0.0004563574853407859, 0.011134109067554843, -0.006619842742460174, 0.0, 0.0, 0.0, 0.0]
[PREDICT] instruction=grasp the red cylinder
[PREDICT] unnorm_key=raccoon_pick_place
[PREDICT] action=[-0.0004563574853407859, 0.002770236332218309, 0.0008831864433801427, 0.0, 0.0, 0.0, 0.0]
[PREDICT] instruction=grasp the red cylinder
[PREDICT] unnorm_key=raccoon_pick_place
[PREDICT] action=[-0.0005462467196744331, 0.002770236332218309, -0.01450764265577948, 0.0, 0.0, 0.0, 0.0]
[PREDICT] instruction=grasp the red cylinder
[PREDICT] unnorm_key=raccoon_pick_place
[PREDICT] action=[0.0003526456236620304, 0.002036563285258964, 0.00040222303403140633, 0.0, 0.0, 0.0, 0.0]
[PREDICT] instruction=grasp the red cylinder
[PREDICT] unnorm_key=raccoon_pick_place
[PREDICT] action=[-0.0004563574853407859, -0.0012894211942900667, -0.00883227442546437, 0.0, 0.0, 0.0, 0.0]
[PREDICT] instruction=grasp the red cylinder
[PREDICT] unnorm_key=raccoon_pick_place
[PREDICT] action=[0.0003526456236620304, 0.002036563285258964, 0.00040222303403140633, 0.0, 0.0, 0.0, 0.0]
[PREDICT] instruction=grasp the red cylinder
[PREDICT] unnorm_key=raccoon_pick_place
[PREDICT] action=[-9.68005480062005e-05, 0.0013518017747635757, -0.01450764265577948, 0.0, 0.0, 0.0, 0.0]
[PREDICT] instruction=grasp the red cylinder
[PREDICT] unnorm_key=raccoon_pick_place
[PREDICT] action=[-0.00027657901667349494, 0.002525678649898528, -0.01450764265577948, 0.0, 0.0, 0.0, 0.0]
[PREDICT] instruction=grasp the red cylinder
[PREDICT] unnorm_key=raccoon_pick_place
[PREDICT] action=[-6.911313672555014e-06, -1.7721246227202312e-05, 1.7452306552414795e-05, 0.0, 0.0, 0.0, 0.0]
[PREDICT] instruction=grasp the red cylinder
[PREDICT] unnorm_key=raccoon_pick_place
[PREDICT] action=[0.0003526456236620304, -0.0012894211942900667, -0.006619842742460174, 0.0, 0.0, 0.0, 0.0]
[PREDICT] instruction=grasp the red cylinder
[PREDICT] unnorm_key=raccoon_pick_place
[PREDICT] action=[-6.911313672555014e-06, -1.7721246227202312e-05, 1.7452306552414795e-05, 0.0, 0.0, 0.0, 0.0]
[PREDICT] instruction=grasp the red cylinder
[PREDICT] unnorm_key=raccoon_pick_place
[PREDICT] action=[0.0003526456236620304, -0.0012894211942900667, -0.006619842742460174, 0.0, 0.0, 0.0, 0.0]
[PREDICT] instruction=grasp the red cylinder
[PREDICT] unnorm_key=raccoon_pick_place
[PREDICT] action=[0.0003526456236620304, 0.0014007133112275319, 1.7452306552414795e-05, 0.0, 0.0, 0.0, 0.0]
[PREDICT] instruction=grasp the red cylinder
[PREDICT] unnorm_key=raccoon_pick_place
[PREDICT] action=[0.0003526456236620304, 0.0014007133112275319, -0.0011368598758845563, 0.0, 0.0, 0.0, 0.0]
[PREDICT] instruction=grasp the red cylinder
[PREDICT] unnorm_key=raccoon_pick_place
[PREDICT] action=[-6.911313672555014e-06, -1.7721246227202312e-05, 1.7452306552414795e-05, 0.0, 0.0, 0.0, 0.996078431372549]
[PREDICT] instruction=grasp the red cylinder
[PREDICT] unnorm_key=raccoon_pick_place
[PREDICT] action=[-6.911313672555014e-06, -1.7721246227202312e-05, 1.7452306552414795e-05, 0.0, 0.0, 0.0, 0.996078431372549]
[PREDICT] instruction=grasp the red cylinder
[PREDICT] unnorm_key=raccoon_pick_place
[PREDICT] action=[-6.911313672555014e-06, -1.7721246227202312e-05, 1.7452306552414795e-05, 0.0, 0.0, 0.0, 0.996078431372549]
[PREDICT] instruction=grasp the red cylinder
[PREDICT] unnorm_key=raccoon_pick_place
[PREDICT] action=[0.0001728671549947377, -0.0007024827567225907, -0.002387364740191276, 0.0, 0.0, 0.0, 0.0]
[PREDICT] instruction=grasp the red cylinder
[PREDICT] unnorm_key=raccoon_pick_place
[PREDICT] action=[-6.911313672555014e-06, -1.7721246227202312e-05, 1.7452306552414795e-05, 0.0, 0.0, 0.0, 0.996078431372549]
[PREDICT] instruction=grasp the red cylinder
[PREDICT] unnorm_key=raccoon_pick_place
[PREDICT] action=[-6.911313672555014e-06, -1.7721246227202312e-05, 1.7452306552414795e-05, 0.0, 0.0, 0.0, 0.996078431372549]
[PREDICT] instruction=grasp the red cylinder
[PREDICT] unnorm_key=raccoon_pick_place
[PREDICT] action=[-6.911313672555014e-06, -1.7721246227202312e-05, 1.7452306552414795e-05, 0.0, 0.0, 0.0, 0.996078431372549]
[PREDICT] instruction=grasp the red cylinder
[PREDICT] unnorm_key=raccoon_pick_place
[PREDICT] action=[-6.911313672555014e-06, -1.7721246227202312e-05, 1.7452306552414795e-05, 0.0, 0.0, 0.0, 0.996078431372549]
[PREDICT] instruction=grasp the red cylinder
[PREDICT] unnorm_key=raccoon_pick_place
[PREDICT] action=[-6.911313672555014e-06, -1.7721246227202312e-05, 1.7452306552414795e-05, 0.0, 0.0, 0.0, 0.996078431372549]
[PREDICT] instruction=grasp the red cylinder
[PREDICT] unnorm_key=raccoon_pick_place
[PREDICT] action=[-6.911313672555014e-06, -1.7721246227202312e-05, 1.7452306552414795e-05, 0.0, 0.0, 0.0, 0.996078431372549]
[PREDICT] instruction=grasp the red cylinder
[PREDICT] unnorm_key=raccoon_pick_place
[PREDICT] action=[-6.911313672555014e-06, -1.7721246227202312e-05, 1.7452306552414795e-05, 0.0, 0.0, 0.0, 0.996078431372549]
[PREDICT] instruction=grasp the red cylinder
[PREDICT] unnorm_key=raccoon_pick_place
[PREDICT] action=[-6.911313672555014e-06, -1.7721246227202312e-05, 1.7452306552414795e-05, 0.0, 0.0, 0.0, 0.996078431372549]
[PREDICT] instruction=grasp the red cylinder
[PREDICT] unnorm_key=raccoon_pick_place
[PREDICT] action=[-6.911313672555014e-06, -1.7721246227202312e-05, 1.7452306552414795e-05, 0.0, 0.0, 0.0, 0.996078431372549]
[PREDICT] instruction=grasp the red cylinder
[PREDICT] unnorm_key=raccoon_pick_place
[PREDICT] action=[-6.911313672555014e-06, -1.7721246227202312e-05, 1.7452306552414795e-05, 0.0, 0.0, 0.0, 0.996078431372549]
[PREDICT] instruction=grasp the red cylinder
[PREDICT] unnorm_key=raccoon_pick_place
[PREDICT] action=[-6.911313672555014e-06, -1.7721246227202312e-05, 1.7452306552414795e-05, 0.0, 0.0, 0.0, 0.996078431372549]
[PREDICT] instruction=grasp the red cylinder
[PREDICT] unnorm_key=raccoon_pick_place
[PREDICT] action=[-6.911313672555014e-06, -1.7721246227202312e-05, 1.7452306552414795e-05, 0.0, 0.0, 0.0, 0.996078431372549]
[PREDICT] instruction=grasp the red cylinder
[PREDICT] unnorm_key=raccoon_pick_place
[PREDICT] action=[-6.911313672555014e-06, -1.7721246227202312e-05, 1.7452306552414795e-05, 0.0, 0.0, 0.0, 0.996078431372549]
[PREDICT] instruction=grasp the red cylinder
[PREDICT] unnorm_key=raccoon_pick_place
[PREDICT] action=[-6.911313672555014e-06, -1.7721246227202312e-05, 1.7452306552414795e-05, 0.0, 0.0, 0.0, 0.996078431372549]
[PREDICT] instruction=grasp the red cylinder
[PREDICT] unnorm_key=raccoon_pick_place
[PREDICT] action=[-6.911313672555014e-06, -1.7721246227202312e-05, 1.7452306552414795e-05, 0.0, 0.0, 0.0, 0.996078431372549]
[PREDICT] instruction=grasp the red cylinder
[PREDICT] unnorm_key=raccoon_pick_place
[PREDICT] action=[-6.911313672555014e-06, -1.7721246227202312e-05, 1.7452306552414795e-05, 0.0, 0.0, 0.0, 0.996078431372549]
[PREDICT] instruction=grasp the red cylinder
[PREDICT] unnorm_key=raccoon_pick_place
[PREDICT] action=[-6.911313672555014e-06, -1.7721246227202312e-05, 1.7452306552414795e-05, 0.0, 0.0, 0.0, 0.996078431372549]
[PREDICT] instruction=grasp the red cylinder
[PREDICT] unnorm_key=raccoon_pick_place
[PREDICT] action=[-6.911313672555014e-06, -1.7721246227202312e-05, 1.7452306552414795e-05, 0.0, 0.0, 0.0, 0.996078431372549]
[PREDICT] instruction=grasp the red cylinder
[PREDICT] unnorm_key=raccoon_pick_place
[PREDICT] action=[-6.911313672555014e-06, -1.7721246227202312e-05, 1.7452306552414795e-05, 0.0, 0.0, 0.0, 0.996078431372549]
[PREDICT] instruction=grasp the red cylinder
[PREDICT] unnorm_key=raccoon_pick_place
[PREDICT] action=[-6.911313672555014e-06, -1.7721246227202312e-05, 1.7452306552414795e-05, 0.0, 0.0, 0.0, 0.996078431372549]
[PREDICT] instruction=grasp the red cylinder
[PREDICT] unnorm_key=raccoon_pick_place
[PREDICT] action=[-6.911313672555014e-06, -1.7721246227202312e-05, 1.7452306552414795e-05, 0.0, 0.0, 0.0, 0.996078431372549]
[PREDICT] instruction=grasp the red cylinder
[PREDICT] unnorm_key=raccoon_pick_place
[PREDICT] action=[-6.911313672555014e-06, -1.7721246227202312e-05, 1.7452306552414795e-05, 0.0, 0.0, 0.0, 0.996078431372549]
[PREDICT] instruction=grasp the red cylinder
[PREDICT] unnorm_key=raccoon_pick_place
[PREDICT] action=[-6.911313672555014e-06, -1.7721246227202312e-05, 1.7452306552414795e-05, 0.0, 0.0, 0.0, 0.996078431372549]
[PREDICT] instruction=grasp the red cylinder
[PREDICT] unnorm_key=raccoon_pick_place
[PREDICT] action=[-6.911313672555014e-06, -1.7721246227202312e-05, 1.7452306552414795e-05, 0.0, 0.0, 0.0, 0.996078431372549]
[PREDICT] instruction=grasp the red cylinder
[PREDICT] unnorm_key=raccoon_pick_place
[PREDICT] action=[-6.911313672555014e-06, -1.7721246227202312e-05, 1.7452306552414795e-05, 0.0, 0.0, 0.0, 0.996078431372549]
[PREDICT] instruction=grasp the red cylinder
[PREDICT] unnorm_key=raccoon_pick_place
[PREDICT] action=[-6.911313672555014e-06, -1.7721246227202312e-05, 1.7452306552414795e-05, 0.0, 0.0, 0.0, 0.996078431372549]
[PREDICT] instruction=grasp the red cylinder
[PREDICT] unnorm_key=raccoon_pick_place
[PREDICT] action=[-6.911313672555014e-06, -1.7721246227202312e-05, 1.7452306552414795e-05, 0.0, 0.0, 0.0, 0.996078431372549]
[PREDICT] instruction=grasp the red cylinder
[PREDICT] unnorm_key=raccoon_pick_place
[PREDICT] action=[-6.911313672555014e-06, -1.7721246227202312e-05, 1.7452306552414795e-05, 0.0, 0.0, 0.0, 0.996078431372549]
[PREDICT] instruction=grasp the red cylinder
[PREDICT] unnorm_key=raccoon_pick_place
[PREDICT] action=[-6.911313672555014e-06, -1.7721246227202312e-05, 1.7452306552414795e-05, 0.0, 0.0, 0.0, 0.996078431372549]
[PREDICT] instruction=grasp the red cylinder
[PREDICT] unnorm_key=raccoon_pick_place
[PREDICT] action=[-6.911313672555014e-06, -1.7721246227202312e-05, 1.7452306552414795e-05, 0.0, 0.0, 0.0, 0.996078431372549]
[PREDICT] instruction=grasp the red cylinder
[PREDICT] unnorm_key=raccoon_pick_place
[PREDICT] action=[-6.911313672555014e-06, -1.7721246227202312e-05, 1.7452306552414795e-05, 0.0, 0.0, 0.0, 0.996078431372549]
[PREDICT] instruction=grasp the red cylinder
[PREDICT] unnorm_key=raccoon_pick_place
[PREDICT] action=[-6.911313672555014e-06, -1.7721246227202312e-05, 1.7452306552414795e-05, 0.0, 0.0, 0.0, 0.996078431372549]
[PREDICT] instruction=grasp the red cylinder
[PREDICT] unnorm_key=raccoon_pick_place
[PREDICT] action=[-6.911313672555014e-06, -1.7721246227202312e-05, 1.7452306552414795e-05, 0.0, 0.0, 0.0, 0.996078431372549]
[PREDICT] instruction=grasp the red cylinder
[PREDICT] unnorm_key=raccoon_pick_place
[PREDICT] action=[-6.911313672555014e-06, -1.7721246227202312e-05, 1.7452306552414795e-05, 0.0, 0.0, 0.0, 0.996078431372549]
[PREDICT] instruction=grasp the red cylinder
[PREDICT] unnorm_key=raccoon_pick_place
[PREDICT] action=[-6.911313672555014e-06, -1.7721246227202312e-05, 1.7452306552414795e-05, 0.0, 0.0, 0.0, 0.996078431372549]
[PREDICT] instruction=grasp the red cylinder
[PREDICT] unnorm_key=raccoon_pick_place
[PREDICT] action=[-6.911313672555014e-06, -1.7721246227202312e-05, 1.7452306552414795e-05, 0.0, 0.0, 0.0, 0.996078431372549]
[PREDICT] instruction=grasp the red cylinder
[PREDICT] unnorm_key=raccoon_pick_place
[PREDICT] action=[-6.911313672555014e-06, -1.7721246227202312e-05, 1.7452306552414795e-05, 0.0, 0.0, 0.0, 0.996078431372549]
[PREDICT] instruction=grasp the red cylinder
[PREDICT] unnorm_key=raccoon_pick_place
[PREDICT] action=[-6.911313672555014e-06, -1.7721246227202312e-05, 1.7452306552414795e-05, 0.0, 0.0, 0.0, 0.996078431372549]
[PREDICT] instruction=grasp the red cylinder
[PREDICT] unnorm_key=raccoon_pick_place
[PREDICT] action=[-6.911313672555014e-06, -1.7721246227202312e-05, 1.7452306552414795e-05, 0.0, 0.0, 0.0, 0.996078431372549]
[PREDICT] instruction=grasp the red cylinder
[PREDICT] unnorm_key=raccoon_pick_place
[PREDICT] action=[-6.911313672555014e-06, -1.7721246227202312e-05, 1.7452306552414795e-05, 0.0, 0.0, 0.0, 0.996078431372549]
[PREDICT] instruction=grasp the red cylinder
[PREDICT] unnorm_key=raccoon_pick_place
[PREDICT] action=[-6.911313672555014e-06, -1.7721246227202312e-05, 1.7452306552414795e-05, 0.0, 0.0, 0.0, 0.996078431372549]
[PREDICT] instruction=grasp the red cylinder
[PREDICT] unnorm_key=raccoon_pick_place
[PREDICT] action=[-6.911313672555014e-06, -1.7721246227202312e-05, 1.7452306552414795e-05, 0.0, 0.0, 0.0, 0.996078431372549]
[PREDICT] instruction=grasp the red cylinder
[PREDICT] unnorm_key=raccoon_pick_place
[PREDICT] action=[-6.911313672555014e-06, -1.7721246227202312e-05, 1.7452306552414795e-05, 0.0, 0.0, 0.0, 0.996078431372549]
[PREDICT] instruction=grasp the red cylinder
[PREDICT] unnorm_key=raccoon_pick_place
[PREDICT] action=[-6.911313672555014e-06, -1.7721246227202312e-05, 1.7452306552414795e-05, 0.0, 0.0, 0.0, 0.996078431372549]
[PREDICT] instruction=grasp the red cylinder
[PREDICT] unnorm_key=raccoon_pick_place
[PREDICT] action=[-6.911313672555014e-06, -1.7721246227202312e-05, 1.7452306552414795e-05, 0.0, 0.0, 0.0, 0.996078431372549]
[PREDICT] instruction=grasp the red cylinder
[PREDICT] unnorm_key=raccoon_pick_place
[PREDICT] action=[-6.911313672555014e-06, -1.7721246227202312e-05, 1.7452306552414795e-05, 0.0, 0.0, 0.0, 0.996078431372549]
[PREDICT] instruction=grasp the red cylinder
[PREDICT] unnorm_key=raccoon_pick_place
[PREDICT] action=[-6.911313672555014e-06, -1.7721246227202312e-05, 1.7452306552414795e-05, 0.0, 0.0, 0.0, 0.996078431372549]
[PREDICT] instruction=grasp the red cylinder
[PREDICT] unnorm_key=raccoon_pick_place
[PREDICT] action=[-6.911313672555014e-06, -1.7721246227202312e-05, 1.7452306552414795e-05, 0.0, 0.0, 0.0, 0.996078431372549]
[PREDICT] instruction=grasp the red cylinder
[PREDICT] unnorm_key=raccoon_pick_place
[PREDICT] action=[-6.911313672555014e-06, -1.7721246227202312e-05, 1.7452306552414795e-05, 0.0, 0.0, 0.0, 0.996078431372549]
[PREDICT] instruction=grasp the blue cylinder
[PREDICT] unnorm_key=raccoon_pick_place
[PREDICT] action=[-0.0055800438423586176, 0.0021832978946508333, -0.001040667194014808, 0.0, 0.0, 0.0, 0.0]
[PREDICT] instruction=grasp the blue cylinder
[PREDICT] unnorm_key=raccoon_pick_place
[PREDICT] action=[-0.0014451390630108932, 0.011134109067554843, -0.0016178232852332962, 0.0, 0.0, 0.0, 0.0]
[PREDICT] instruction=grasp the blue cylinder
[PREDICT] unnorm_key=raccoon_pick_place
[PREDICT] action=[-0.0055800438423586176, 0.0021832978946508333, -0.001040667194014808, 0.0, 0.0, 0.0, 0.0]
[PREDICT] instruction=grasp the blue cylinder
[PREDICT] unnorm_key=raccoon_pick_place
[PREDICT] action=[-0.0014451390630108932, 0.011134109067554843, -0.0016178232852332962, 0.0, 0.0, 0.0, 0.0]
[PREDICT] instruction=grasp the blue cylinder
[PREDICT] unnorm_key=raccoon_pick_place
[PREDICT] action=[-0.0014451390630108932, 0.011134109067554843, -0.0016178232852332962, 0.0, 0.0, 0.0, 0.0]
[PREDICT] instruction=grasp the blue cylinder
[PREDICT] unnorm_key=raccoon_pick_place
[PREDICT] action=[-0.0006361359540080786, 0.007416832296294161, 0.0015565352164683775, 0.0, 0.0, 0.0, 0.0]
[PREDICT] instruction=grasp the blue cylinder
[PREDICT] unnorm_key=raccoon_pick_place
[PREDICT] action=[-0.0006361359540080786, 0.007416832296294161, 0.0015565352164683775, 0.0, 0.0, 0.0, 0.0]
[PREDICT] instruction=grasp the blue cylinder
[PREDICT] unnorm_key=raccoon_pick_place
[PREDICT] action=[-0.0006361359540080786, 0.007416832296294161, 0.0015565352164683775, 0.0, 0.0, 0.0, 0.0]
[PREDICT] instruction=grasp the blue cylinder
[PREDICT] unnorm_key=raccoon_pick_place
[PREDICT] action=[-0.0006361359540080786, 0.007416832296294161, 0.0015565352164683775, 0.0, 0.0, 0.0, 0.0]
[PREDICT] instruction=grasp the blue cylinder
[PREDICT] unnorm_key=raccoon_pick_place
[PREDICT] action=[-0.0005462467196744331, 0.007416832296294161, 0.0015565352164683775, 0.0, 0.0, 0.0, 0.0]
[PREDICT] instruction=grasp the blue cylinder
[PREDICT] unnorm_key=raccoon_pick_place
[PREDICT] action=[-0.0005462467196744331, 0.011134109067554843, -0.0037340622863677436, 0.0, 0.0, 0.0, 0.0]
[PREDICT] instruction=grasp the blue cylinder
[PREDICT] unnorm_key=raccoon_pick_place
[PREDICT] action=[-0.0005462467196744331, 0.011134109067554843, -0.0037340622863677436, 0.0, 0.0, 0.0, 0.0]
[PREDICT] instruction=grasp the blue cylinder
[PREDICT] unnorm_key=raccoon_pick_place
[PREDICT] action=[-6.911313672555014e-06, -1.7721246227202312e-05, 1.7452306552414795e-05, 0.0, 0.0, 0.0, 0.0]
[PREDICT] instruction=grasp the blue cylinder
[PREDICT] unnorm_key=raccoon_pick_place
[PREDICT] action=[-0.0005462467196744331, 0.011134109067554843, -0.0037340622863677436, 0.0, 0.0, 0.0, 0.0]
[PREDICT] instruction=grasp the blue cylinder
[PREDICT] unnorm_key=raccoon_pick_place
[PREDICT] action=[-9.68005480062005e-05, -0.0007024827567225907, -0.011910440245296293, 0.0, 0.0, 0.0, 0.0]
[PREDICT] instruction=grasp the blue cylinder
[PREDICT] unnorm_key=raccoon_pick_place
[PREDICT] action=[-9.68005480062005e-05, -0.0007024827567225907, -0.008928467107334116, 0.0, 0.0, 0.0, 0.0]
[PREDICT] instruction=grasp the blue cylinder
[PREDICT] unnorm_key=raccoon_pick_place
[PREDICT] action=[-9.68005480062005e-05, -0.0007024827567225907, -0.008928467107334116, 0.0, 0.0, 0.0, 0.0]
[PREDICT] instruction=grasp the blue cylinder
[PREDICT] unnorm_key=raccoon_pick_place
[PREDICT] action=[-6.911313672555014e-06, -1.7721246227202312e-05, 1.7452306552414795e-05, 0.0, 0.0, 0.0, 0.0]
[PREDICT] instruction=grasp the blue cylinder
[PREDICT] unnorm_key=raccoon_pick_place
[PREDICT] action=[-6.911313672555014e-06, -1.7721246227202312e-05, 1.7452306552414795e-05, 0.0, 0.0, 0.0, 0.0]
[PREDICT] instruction=grasp the blue cylinder
[PREDICT] unnorm_key=raccoon_pick_place
[PREDICT] action=[-9.68005480062005e-05, -0.0007024827567225907, -0.008928467107334116, 0.0, 0.0, 0.0, 0.0]
[PREDICT] instruction=grasp the blue cylinder
[PREDICT] unnorm_key=raccoon_pick_place
[PREDICT] action=[-9.68005480062005e-05, -0.0007024827567225907, -0.007677962243027397, 0.0, 0.0, 0.0, 0.0]
[PREDICT] instruction=grasp the blue cylinder
[PREDICT] unnorm_key=raccoon_pick_place
[PREDICT] action=[-6.911313672555014e-06, -1.7721246227202312e-05, 1.7452306552414795e-05, 0.0, 0.0, 0.0, 0.0]
[PREDICT] instruction=grasp the blue cylinder
[PREDICT] unnorm_key=raccoon_pick_place
[PREDICT] action=[-6.911313672555014e-06, -1.7721246227202312e-05, 1.7452306552414795e-05, 0.0, 0.0, 0.0, 0.0]
[PREDICT] instruction=grasp the blue cylinder
[PREDICT] unnorm_key=raccoon_pick_place
[PREDICT] action=[-6.911313672555014e-06, -1.7721246227202312e-05, 1.7452306552414795e-05, 0.0, 0.0, 0.0, 0.0]
[PREDICT] instruction=grasp the blue cylinder
[PREDICT] unnorm_key=raccoon_pick_place
[PREDICT] action=[-6.911313672555014e-06, -1.7721246227202312e-05, 1.7452306552414795e-05, 0.0, 0.0, 0.0, 0.0]
[PREDICT] instruction=grasp the blue cylinder
[PREDICT] unnorm_key=raccoon_pick_place
[PREDICT] action=[-6.911313672555014e-06, -1.7721246227202312e-05, 1.7452306552414795e-05, 0.0, 0.0, 0.0, 0.0]
[PREDICT] instruction=grasp the blue cylinder
[PREDICT] unnorm_key=raccoon_pick_place
[PREDICT] action=[-6.911313672555014e-06, -1.7721246227202312e-05, 1.7452306552414795e-05, 0.0, 0.0, 0.0, 0.0]
[PREDICT] instruction=grasp the blue cylinder
[PREDICT] unnorm_key=raccoon_pick_place
[PREDICT] action=[-6.911313672555014e-06, -1.7721246227202312e-05, 1.7452306552414795e-05, 0.0, 0.0, 0.0, 0.0]
[PREDICT] instruction=grasp the blue cylinder
[PREDICT] unnorm_key=raccoon_pick_place
[PREDICT] action=[-6.911313672555014e-06, -1.7721246227202312e-05, 1.7452306552414795e-05, 0.0, 0.0, 0.0, 0.996078431372549]
[PREDICT] instruction=grasp the blue cylinder
[PREDICT] unnorm_key=raccoon_pick_place
[PREDICT] action=[-6.911313672555014e-06, -1.7721246227202312e-05, 1.7452306552414795e-05, 0.0, 0.0, 0.0, 0.996078431372549]
[PREDICT] instruction=grasp the blue cylinder
[PREDICT] unnorm_key=raccoon_pick_place
[PREDICT] action=[-6.911313672555014e-06, -0.00021336739208302697, -0.0014254379214938013, 0.0, 0.0, 0.0, 0.996078431372549]
[PREDICT] instruction=grasp the blue cylinder
[PREDICT] unnorm_key=raccoon_pick_place
[PREDICT] action=[-6.911313672555014e-06, -0.00021336739208302697, -0.0020987866945820343, 0.0, 0.0, 0.0, 0.996078431372549]
[PREDICT] instruction=grasp the blue cylinder
[PREDICT] unnorm_key=raccoon_pick_place
[PREDICT] action=[-6.911313672555014e-06, -1.7721246227202312e-05, 1.7452306552414795e-05, 0.0, 0.0, 0.0, 0.996078431372549]
[PREDICT] instruction=grasp the blue cylinder
[PREDICT] unnorm_key=raccoon_pick_place
[PREDICT] action=[-6.911313672555014e-06, -1.7721246227202312e-05, 1.7452306552414795e-05, 0.0, 0.0, 0.0, 0.996078431372549]
[PREDICT] instruction=grasp the blue cylinder
[PREDICT] unnorm_key=raccoon_pick_place
[PREDICT] action=[-6.911313672555014e-06, -1.7721246227202312e-05, 1.7452306552414795e-05, 0.0, 0.0, 0.0, 0.996078431372549]
[PREDICT] instruction=grasp the blue cylinder
[PREDICT] unnorm_key=raccoon_pick_place
[PREDICT] action=[-6.911313672555014e-06, -1.7721246227202312e-05, 1.7452306552414795e-05, 0.0, 0.0, 0.0, 0.996078431372549]
[PREDICT] instruction=grasp the blue cylinder
[PREDICT] unnorm_key=raccoon_pick_place
[PREDICT] action=[-6.911313672555014e-06, -0.00021336739208302697, -0.0020987866945820343, 0.0, 0.0, 0.0, 0.996078431372549]
[PREDICT] instruction=grasp the blue cylinder
[PREDICT] unnorm_key=raccoon_pick_place
[PREDICT] action=[-6.911313672555014e-06, -1.7721246227202312e-05, 1.7452306552414795e-05, 0.0, 0.0, 0.0, 0.996078431372549]
[PREDICT] instruction=grasp the blue cylinder
[PREDICT] unnorm_key=raccoon_pick_place
[PREDICT] action=[-6.911313672555014e-06, -1.7721246227202312e-05, 1.7452306552414795e-05, 0.0, 0.0, 0.0, 0.996078431372549]
[PREDICT] instruction=grasp the blue cylinder
[PREDICT] unnorm_key=raccoon_pick_place
[PREDICT] action=[-6.911313672555014e-06, -1.7721246227202312e-05, 1.7452306552414795e-05, 0.0, 0.0, 0.0, 0.996078431372549]
[PREDICT] instruction=grasp the blue cylinder
[PREDICT] unnorm_key=raccoon_pick_place
[PREDICT] action=[8.297792066109047e-05, -0.0006046596837946776, -0.003156906195149257, 0.0, 0.0, 0.0, 0.0]
[PREDICT] instruction=grasp the blue cylinder
[PREDICT] unnorm_key=raccoon_pick_place
[PREDICT] action=[0.0001728671549947377, -0.0007024827567225907, -0.002387364740191276, 0.0, 0.0, 0.0, 0.996078431372549]
[PREDICT] instruction=grasp the blue cylinder
[PREDICT] unnorm_key=raccoon_pick_place
[PREDICT] action=[-6.911313672555014e-06, -1.7721246227202312e-05, 1.7452306552414795e-05, 0.0, 0.0, 0.0, 0.996078431372549]
[PREDICT] instruction=grasp the blue cylinder
[PREDICT] unnorm_key=raccoon_pick_place
[PREDICT] action=[-6.911313672555014e-06, -1.7721246227202312e-05, 1.7452306552414795e-05, 0.0, 0.0, 0.0, 0.996078431372549]
[PREDICT] instruction=grasp the blue cylinder
[PREDICT] unnorm_key=raccoon_pick_place
[PREDICT] action=[0.0002627563893283832, -0.0006046596837946776, -0.0020987866945820343, 0.0, 0.0, 0.0, 0.996078431372549]
[PREDICT] instruction=grasp the blue cylinder
[PREDICT] unnorm_key=raccoon_pick_place
[PREDICT] action=[-6.911313672555014e-06, -1.7721246227202312e-05, 1.7452306552414795e-05, 0.0, 0.0, 0.0, 0.996078431372549]
[PREDICT] instruction=grasp the blue cylinder
[PREDICT] unnorm_key=raccoon_pick_place
[PREDICT] action=[-6.911313672555014e-06, -1.7721246227202312e-05, 1.7452306552414795e-05, 0.0, 0.0, 0.0, 0.996078431372549]
[PREDICT] instruction=grasp the blue cylinder
[PREDICT] unnorm_key=raccoon_pick_place
[PREDICT] action=[-9.68005480062005e-05, -0.0007024827567225907, -0.002387364740191276, 0.0, 0.0, 0.0, 0.996078431372549]
[PREDICT] instruction=grasp the blue cylinder
[PREDICT] unnorm_key=raccoon_pick_place
[PREDICT] action=[-6.911313672555014e-06, -1.7721246227202312e-05, 1.7452306552414795e-05, 0.0, 0.0, 0.0, 0.996078431372549]
[PREDICT] instruction=grasp the blue cylinder
[PREDICT] unnorm_key=raccoon_pick_place
[PREDICT] action=[-6.911313672555014e-06, -1.7721246227202312e-05, 1.7452306552414795e-05, 0.0, 0.0, 0.0, 0.996078431372549]
[PREDICT] instruction=grasp the blue cylinder
[PREDICT] unnorm_key=raccoon_pick_place
[PREDICT] action=[-6.911313672555014e-06, -1.7721246227202312e-05, 1.7452306552414795e-05, 0.0, 0.0, 0.0, 0.996078431372549]
[PREDICT] instruction=grasp the blue cylinder
[PREDICT] unnorm_key=raccoon_pick_place
[PREDICT] action=[-6.911313672555014e-06, -1.7721246227202312e-05, 1.7452306552414795e-05, 0.0, 0.0, 0.0, 0.996078431372549]
[PREDICT] instruction=grasp the blue cylinder
[PREDICT] unnorm_key=raccoon_pick_place
[PREDICT] action=[-6.911313672555014e-06, -1.7721246227202312e-05, 1.7452306552414795e-05, 0.0, 0.0, 0.0, 0.996078431372549]
[PREDICT] instruction=grasp the blue cylinder
[PREDICT] unnorm_key=raccoon_pick_place
[PREDICT] action=[-6.911313672555014e-06, -1.7721246227202312e-05, 1.7452306552414795e-05, 0.0, 0.0, 0.0, 0.996078431372549]
[PREDICT] instruction=grasp the blue cylinder
[PREDICT] unnorm_key=raccoon_pick_place
[PREDICT] action=[-6.911313672555014e-06, -1.7721246227202312e-05, 1.7452306552414795e-05, 0.0, 0.0, 0.0, 0.996078431372549]
[PREDICT] instruction=grasp the blue cylinder
[PREDICT] unnorm_key=raccoon_pick_place
[PREDICT] action=[-6.911313672555014e-06, -1.7721246227202312e-05, 1.7452306552414795e-05, 0.0, 0.0, 0.0, 0.996078431372549]
[PREDICT] instruction=grasp the blue cylinder
[PREDICT] unnorm_key=raccoon_pick_place
[PREDICT] action=[-6.911313672555014e-06, -1.7721246227202312e-05, 1.7452306552414795e-05, 0.0, 0.0, 0.0, 0.996078431372549]
[PREDICT] instruction=grasp the blue cylinder
[PREDICT] unnorm_key=raccoon_pick_place
[PREDICT] action=[-6.911313672555014e-06, -1.7721246227202312e-05, 1.7452306552414795e-05, 0.0, 0.0, 0.0, 0.996078431372549]
[PREDICT] instruction=grasp the blue cylinder
[PREDICT] unnorm_key=raccoon_pick_place
[PREDICT] action=[-6.911313672555014e-06, -1.7721246227202312e-05, 1.7452306552414795e-05, 0.0, 0.0, 0.0, 0.996078431372549]
[PREDICT] instruction=grasp the blue cylinder
[PREDICT] unnorm_key=raccoon_pick_place
[PREDICT] action=[-6.911313672555014e-06, -1.7721246227202312e-05, 1.7452306552414795e-05, 0.0, 0.0, 0.0, 0.996078431372549]
[PREDICT] instruction=grasp the blue cylinder
[PREDICT] unnorm_key=raccoon_pick_place
[PREDICT] action=[-6.911313672555014e-06, -1.7721246227202312e-05, 1.7452306552414795e-05, 0.0, 0.0, 0.0, 0.996078431372549]
[PREDICT] instruction=grasp the blue cylinder
[PREDICT] unnorm_key=raccoon_pick_place
[PREDICT] action=[-6.911313672555014e-06, -1.7721246227202312e-05, 1.7452306552414795e-05, 0.0, 0.0, 0.0, 0.996078431372549]
[PREDICT] instruction=grasp the blue cylinder
[PREDICT] unnorm_key=raccoon_pick_place
[PREDICT] action=[-6.911313672555014e-06, -1.7721246227202312e-05, 1.7452306552414795e-05, 0.0, 0.0, 0.0, 0.996078431372549]
[PREDICT] instruction=grasp the blue cylinder
[PREDICT] unnorm_key=raccoon_pick_place
[PREDICT] action=[-6.911313672555014e-06, -1.7721246227202312e-05, 1.7452306552414795e-05, 0.0, 0.0, 0.0, 0.996078431372549]
[PREDICT] instruction=grasp the blue cylinder
[PREDICT] unnorm_key=raccoon_pick_place
[PREDICT] action=[-6.911313672555014e-06, -1.7721246227202312e-05, 1.7452306552414795e-05, 0.0, 0.0, 0.0, 0.996078431372549]
[PREDICT] instruction=grasp the blue cylinder
[PREDICT] unnorm_key=raccoon_pick_place
[PREDICT] action=[-0.0014451390630108932, 0.011134109067554843, -0.0016178232852332962, 0.0, 0.0, 0.0, 0.0]
[PREDICT] instruction=grasp the blue cylinder
[PREDICT] unnorm_key=raccoon_pick_place
[PREDICT] action=[-0.0014451390630108932, 0.011134109067554843, -0.001040667194014808, 0.0, 0.0, 0.0, 0.0]
[PREDICT] instruction=grasp the blue cylinder
[PREDICT] unnorm_key=raccoon_pick_place
[PREDICT] action=[-0.0012653605943436022, 0.0030147940145380907, -0.00065589646653582, 0.0, 0.0, 0.0, 0.0]
[PREDICT] instruction=grasp the blue cylinder
[PREDICT] unnorm_key=raccoon_pick_place
[PREDICT] action=[-0.0014451390630108932, 0.011134109067554843, -0.00065589646653582, 0.0, 0.0, 0.0, 0.0]
[PREDICT] instruction=grasp the blue cylinder
[PREDICT] unnorm_key=raccoon_pick_place
[PREDICT] action=[-0.0055800438423586176, 0.0021832978946508333, -0.001040667194014808, 0.0, 0.0, 0.0, 0.0]
[PREDICT] instruction=grasp the blue cylinder
[PREDICT] unnorm_key=raccoon_pick_place
[PREDICT] action=[-0.0055800438423586176, 0.0021832978946508333, -0.001040667194014808, 0.0, 0.0, 0.0, 0.0]
[PREDICT] instruction=grasp the blue cylinder
[PREDICT] unnorm_key=raccoon_pick_place
[PREDICT] action=[-0.0055800438423586176, 0.002819147868682265, -0.00065589646653582, 0.0, 0.0, 0.0, 0.0]
[PREDICT] instruction=grasp the blue cylinder
[PREDICT] unnorm_key=raccoon_pick_place
[PREDICT] action=[-0.0014451390630108932, 0.011134109067554843, -0.0016178232852332962, 0.0, 0.0, 0.0, 0.0]
[PREDICT] instruction=grasp the blue cylinder
[PREDICT] unnorm_key=raccoon_pick_place
[PREDICT] action=[-0.012141957948714787, 0.005900574665911514, 0.0010755718071196376, 0.0, 0.0, 0.0, 0.0]
[PREDICT] instruction=grasp the blue cylinder
[PREDICT] unnorm_key=raccoon_pick_place
[PREDICT] action=[-0.012141957948714787, 0.005900574665911514, 0.0010755718071196376, 0.0, 0.0, 0.0, 0.0]
[PREDICT] instruction=grasp the blue cylinder
[PREDICT] unnorm_key=raccoon_pick_place
[PREDICT] action=[-0.012141957948714787, 0.005900574665911514, 0.0010755718071196376, 0.0, 0.0, 0.0, 0.0]
[PREDICT] instruction=grasp the blue cylinder
[PREDICT] unnorm_key=raccoon_pick_place
[PREDICT] action=[-0.012141957948714787, 0.005900574665911514, 0.0010755718071196376, 0.0, 0.0, 0.0, 0.0]
[PREDICT] instruction=grasp the blue cylinder
[PREDICT] unnorm_key=raccoon_pick_place
[PREDICT] action=[-0.012141957948714787, 0.005900574665911514, 0.0010755718071196376, 0.0, 0.0, 0.0, 0.0]
[PREDICT] instruction=grasp the blue cylinder
[PREDICT] unnorm_key=raccoon_pick_place
[PREDICT] action=[-0.012141957948714787, 0.005900574665911514, 0.0010755718071196376, 0.0, 0.0, 0.0, 0.0]
[PREDICT] instruction=grasp the blue cylinder
[PREDICT] unnorm_key=raccoon_pick_place
[PREDICT] action=[-0.012141957948714787, 0.005900574665911514, 0.0010755718071196376, 0.0, 0.0, 0.0, 0.0]
[PREDICT] instruction=grasp the blue cylinder
[PREDICT] unnorm_key=raccoon_pick_place
[PREDICT] action=[-0.012141957948714787, 0.005900574665911514, 0.0010755718071196376, 0.0, 0.0, 0.0, 0.0]
[PREDICT] instruction=grasp the blue cylinder
[PREDICT] unnorm_key=raccoon_pick_place
[PREDICT] action=[-0.0012653605943436022, 0.002770236332218309, 0.00011364498842216138, 0.0, 0.0, 0.0, 0.0]
[PREDICT] instruction=grasp the blue cylinder
[PREDICT] unnorm_key=raccoon_pick_place
[PREDICT] action=[-0.0012653605943436022, 0.002085474821722921, 0.00040222303403140633, 0.0, 0.0, 0.0, 0.0]
[PREDICT] instruction=grasp the blue cylinder
[PREDICT] unnorm_key=raccoon_pick_place
[PREDICT] action=[-0.0012653605943436022, 0.002770236332218309, 0.00011364498842216138, 0.0, 0.0, 0.0, 0.0]
[PREDICT] instruction=grasp the blue cylinder
[PREDICT] unnorm_key=raccoon_pick_place
[PREDICT] action=[-0.0012653605943436022, 0.002085474821722921, 0.0004984157159011529, 0.0, 0.0, 0.0, 0.0]
[PREDICT] instruction=grasp the blue cylinder
[PREDICT] unnorm_key=raccoon_pick_place
[PREDICT] action=[-0.0012653605943436022, 0.002085474821722921, 0.0004984157159011529, 0.0, 0.0, 0.0, 0.0]
[PREDICT] instruction=grasp the blue cylinder
[PREDICT] unnorm_key=raccoon_pick_place
[PREDICT] action=[-0.0012653605943436022, 0.002085474821722921, 0.0004984157159011529, 0.0, 0.0, 0.0, 0.0]
[PREDICT] instruction=grasp the blue cylinder
[PREDICT] unnorm_key=raccoon_pick_place
[PREDICT] action=[-0.0012653605943436022, 0.002085474821722921, 0.0004984157159011529, 0.0, 0.0, 0.0, 0.0]
[PREDICT] instruction=grasp the blue cylinder
[PREDICT] unnorm_key=raccoon_pick_place
[PREDICT] action=[-0.0012653605943436022, 0.002085474821722921, 0.0004984157159011529, 0.0, 0.0, 0.0, 0.0]
[PREDICT] instruction=grasp the blue cylinder
[PREDICT] unnorm_key=raccoon_pick_place
[PREDICT] action=[-0.0012653605943436022, 0.002085474821722921, 0.0004984157159011529, 0.0, 0.0, 0.0, 0.0]
[PREDICT] instruction=grasp the blue cylinder
[PREDICT] unnorm_key=raccoon_pick_place
[PREDICT] action=[-0.0012653605943436022, 0.002085474821722921, 0.0004984157159011529, 0.0, 0.0, 0.0, 0.0]
[PREDICT] instruction=grasp the blue cylinder
[PREDICT] unnorm_key=raccoon_pick_place
[PREDICT] action=[-0.0012653605943436022, 0.002085474821722921, 0.0004984157159011529, 0.0, 0.0, 0.0, 0.0]
[PREDICT] instruction=grasp the blue cylinder
[PREDICT] unnorm_key=raccoon_pick_place
[PREDICT] action=[-0.0012653605943436022, 0.002085474821722921, 0.0004984157159011529, 0.0, 0.0, 0.0, 0.0]
[PREDICT] instruction=grasp the blue cylinder
[PREDICT] unnorm_key=raccoon_pick_place
[PREDICT] action=[-0.0012653605943436022, 0.002085474821722921, 0.0004984157159011529, 0.0, 0.0, 0.0, 0.0]
[PREDICT] instruction=grasp the blue cylinder
[PREDICT] unnorm_key=raccoon_pick_place
[PREDICT] action=[-0.0012653605943436022, 0.002085474821722921, 0.0004984157159011529, 0.0, 0.0, 0.0, 0.0]
[PREDICT] instruction=grasp the blue cylinder
[PREDICT] unnorm_key=raccoon_pick_place
[PREDICT] action=[-0.0012653605943436022, 0.002085474821722921, 0.0004984157159011529, 0.0, 0.0, 0.0, 0.0]
[PREDICT] instruction=grasp the blue cylinder
[PREDICT] unnorm_key=raccoon_pick_place
[PREDICT] action=[-0.0012653605943436022, 0.002085474821722921, 0.0004984157159011529, 0.0, 0.0, 0.0, 0.0]
[PREDICT] instruction=grasp the blue cylinder
[PREDICT] unnorm_key=raccoon_pick_place
[PREDICT] action=[-0.0012653605943436022, 0.002085474821722921, 0.0004984157159011529, 0.0, 0.0, 0.0, 0.0]
[PREDICT] instruction=grasp the blue cylinder
[PREDICT] unnorm_key=raccoon_pick_place
[PREDICT] action=[-0.0012653605943436022, 0.002085474821722921, 0.0004984157159011529, 0.0, 0.0, 0.0, 0.0]
[PREDICT] instruction=grasp the blue cylinder
[PREDICT] unnorm_key=raccoon_pick_place
[PREDICT] action=[-0.0012653605943436022, 0.002085474821722921, 0.0004984157159011529, 0.0, 0.0, 0.0, 0.0]
[PREDICT] instruction=grasp the blue cylinder
[PREDICT] unnorm_key=raccoon_pick_place
[PREDICT] action=[-0.0012653605943436022, 0.002085474821722921, 0.0004984157159011529, 0.0, 0.0, 0.0, 0.0]
[PREDICT] instruction=grasp the blue cylinder
[PREDICT] unnorm_key=raccoon_pick_place
[PREDICT] action=[-0.0012653605943436022, 0.002085474821722921, 0.0004984157159011529, 0.0, 0.0, 0.0, 0.0]
[PREDICT] instruction=grasp the blue cylinder
[PREDICT] unnorm_key=raccoon_pick_place
[PREDICT] action=[-0.0012653605943436022, 0.002085474821722921, 0.0004984157159011529, 0.0, 0.0, 0.0, 0.0]
[PREDICT] instruction=grasp the blue cylinder
[PREDICT] unnorm_key=raccoon_pick_place
[PREDICT] action=[-0.0012653605943436022, 0.002085474821722921, 0.0004984157159011529, 0.0, 0.0, 0.0, 0.0]
[PREDICT] instruction=grasp the blue cylinder
[PREDICT] unnorm_key=raccoon_pick_place
[PREDICT] action=[-0.0012653605943436022, 0.002085474821722921, 0.0004984157159011529, 0.0, 0.0, 0.0, 0.0]
[PREDICT] instruction=grasp the blue cylinder
[PREDICT] unnorm_key=raccoon_pick_place
[PREDICT] action=[-0.0012653605943436022, 0.002085474821722921, 0.0004984157159011529, 0.0, 0.0, 0.0, 0.0]
[PREDICT] instruction=grasp the blue cylinder
[PREDICT] unnorm_key=raccoon_pick_place
[PREDICT] action=[-0.0011754713600099567, 0.002085474821722921, 0.0004984157159011529, 0.0, 0.0, 0.0, 0.0]
[PREDICT] instruction=grasp the blue cylinder
[PREDICT] unnorm_key=raccoon_pick_place
[PREDICT] action=[-0.0012653605943436022, 0.002085474821722921, 0.0004984157159011529, 0.0, 0.0, 0.0, 0.0]
[PREDICT] instruction=grasp the blue cylinder
[PREDICT] unnorm_key=raccoon_pick_place
[PREDICT] action=[-0.0012653605943436022, 0.002085474821722921, 0.0004984157159011529, 0.0, 0.0, 0.0, 0.0]
[PREDICT] instruction=grasp the blue cylinder
[PREDICT] unnorm_key=raccoon_pick_place
[PREDICT] action=[-0.0012653605943436022, 0.002085474821722921, 0.0004984157159011529, 0.0, 0.0, 0.0, 0.0]
[PREDICT] instruction=grasp the blue cylinder
[PREDICT] unnorm_key=raccoon_pick_place
[PREDICT] action=[-0.0012653605943436022, 0.002085474821722921, 0.0004984157159011529, 0.0, 0.0, 0.0, 0.0]
[PREDICT] instruction=grasp the blue cylinder
[PREDICT] unnorm_key=raccoon_pick_place
[PREDICT] action=[-0.0012653605943436022, 0.002085474821722921, 0.0004984157159011529, 0.0, 0.0, 0.0, 0.0]
[PREDICT] instruction=grasp the blue cylinder
[PREDICT] unnorm_key=raccoon_pick_place
[PREDICT] action=[-0.0012653605943436022, 0.002085474821722921, 0.0004984157159011529, 0.0, 0.0, 0.0, 0.0]
[PREDICT] instruction=grasp the blue cylinder
[PREDICT] unnorm_key=raccoon_pick_place
[PREDICT] action=[-0.00027657901667349494, 0.000715951800732143, -0.01450764265577948, 0.0, 0.0, 0.0, 0.0]
[PREDICT] instruction=grasp the blue cylinder
[PREDICT] unnorm_key=raccoon_pick_place
[PREDICT] action=[-6.911313672555014e-06, -1.7721246227202312e-05, 1.7452306552414795e-05, 0.0, 0.0, 0.0, 0.0]
[PREDICT] instruction=grasp the blue cylinder
[PREDICT] unnorm_key=raccoon_pick_place
[PREDICT] action=[-6.911313672555014e-06, -1.7721246227202312e-05, 1.7452306552414795e-05, 0.0, 0.0, 0.0, 0.0]
[PREDICT] instruction=grasp the blue cylinder
[PREDICT] unnorm_key=raccoon_pick_place
[PREDICT] action=[-6.911313672555014e-06, -1.7721246227202312e-05, 1.7452306552414795e-05, 0.0, 0.0, 0.0, 0.0]
[PREDICT] instruction=grasp the blue cylinder
[PREDICT] unnorm_key=raccoon_pick_place
[PREDICT] action=[-6.911313672555014e-06, -1.7721246227202312e-05, 1.7452306552414795e-05, 0.0, 0.0, 0.0, 0.0]
[PREDICT] instruction=grasp the blue cylinder
[PREDICT] unnorm_key=raccoon_pick_place
[PREDICT] action=[-6.911313672555014e-06, -1.7721246227202312e-05, 1.7452306552414795e-05, 0.0, 0.0, 0.0, 0.0]
[PREDICT] instruction=grasp the blue cylinder
[PREDICT] unnorm_key=raccoon_pick_place
[PREDICT] action=[-6.911313672555014e-06, -1.7721246227202312e-05, 1.7452306552414795e-05, 0.0, 0.0, 0.0, 0.0]
[PREDICT] instruction=grasp the blue cylinder
[PREDICT] unnorm_key=raccoon_pick_place
[PREDICT] action=[-6.911313672555014e-06, -1.7721246227202312e-05, 1.7452306552414795e-05, 0.0, 0.0, 0.0, 0.0]
[PREDICT] instruction=grasp the blue cylinder
[PREDICT] unnorm_key=raccoon_pick_place
[PREDICT] action=[-6.911313672555014e-06, -1.7721246227202312e-05, 1.7452306552414795e-05, 0.0, 0.0, 0.0, 0.0]
[PREDICT] instruction=grasp the blue cylinder
[PREDICT] unnorm_key=raccoon_pick_place
[PREDICT] action=[-6.911313672555014e-06, -1.7721246227202312e-05, 1.7452306552414795e-05, 0.0, 0.0, 0.0, 0.0]
[PREDICT] instruction=grasp the blue cylinder
[PREDICT] unnorm_key=raccoon_pick_place
[PREDICT] action=[-6.911313672555014e-06, -1.7721246227202312e-05, 1.7452306552414795e-05, 0.0, 0.0, 0.0, 0.0]
[PREDICT] instruction=grasp the blue cylinder
[PREDICT] unnorm_key=raccoon_pick_place
[PREDICT] action=[-6.911313672555014e-06, -1.7721246227202312e-05, 1.7452306552414795e-05, 0.0, 0.0, 0.0, 0.0]
[PREDICT] instruction=grasp the blue cylinder
[PREDICT] unnorm_key=raccoon_pick_place
[PREDICT] action=[-6.911313672555014e-06, -1.7721246227202312e-05, 1.7452306552414795e-05, 0.0, 0.0, 0.0, 0.0]
[PREDICT] instruction=grasp the blue cylinder
[PREDICT] unnorm_key=raccoon_pick_place
[PREDICT] action=[-6.911313672555014e-06, -1.7721246227202312e-05, 1.7452306552414795e-05, 0.0, 0.0, 0.0, 0.0]
[PREDICT] instruction=grasp the blue cylinder
[PREDICT] unnorm_key=raccoon_pick_place
[PREDICT] action=[-6.911313672555014e-06, -1.7721246227202312e-05, 1.7452306552414795e-05, 0.0, 0.0, 0.0, 0.0]
[PREDICT] instruction=grasp the blue cylinder
[PREDICT] unnorm_key=raccoon_pick_place
[PREDICT] action=[-9.68005480062005e-05, 0.00027574797255653597, 0.004634701036300299, 0.0, 0.0, 0.0, 0.0]
[PREDICT] instruction=grasp the blue cylinder
[PREDICT] unnorm_key=raccoon_pick_place
[PREDICT] action=[-6.911313672555014e-06, -1.7721246227202312e-05, 1.7452306552414795e-05, 0.0, 0.0, 0.0, 0.0]
[PREDICT] instruction=grasp the blue cylinder
[PREDICT] unnorm_key=raccoon_pick_place
[PREDICT] action=[-6.911313672555014e-06, -1.7721246227202312e-05, 1.7452306552414795e-05, 0.0, 0.0, 0.0, 0.0]
[PREDICT] instruction=grasp the blue cylinder
[PREDICT] unnorm_key=raccoon_pick_place
[PREDICT] action=[-6.911313672555014e-06, -1.7721246227202312e-05, 1.7452306552414795e-05, 0.0, 0.0, 0.0, 0.0]
[PREDICT] instruction=grasp the blue cylinder
[PREDICT] unnorm_key=raccoon_pick_place
[PREDICT] action=[-0.0055800438423586176, 0.0021832978946508333, -0.001040667194014808, 0.0, 0.0, 0.0, 0.0]
[PREDICT] instruction=grasp the blue cylinder
[PREDICT] unnorm_key=raccoon_pick_place
[PREDICT] action=[-0.0055800438423586176, 0.0021832978946508333, -0.001040667194014808, 0.0, 0.0, 0.0, 0.0]
[PREDICT] instruction=grasp the blue cylinder
[PREDICT] unnorm_key=raccoon_pick_place
[PREDICT] action=[-0.0055800438423586176, 0.002819147868682265, -0.00065589646653582, 0.0, 0.0, 0.0, 0.0]
[PREDICT] instruction=grasp the blue cylinder
[PREDICT] unnorm_key=raccoon_pick_place
[PREDICT] action=[-0.0014451390630108932, 0.011134109067554843, -0.0016178232852332962, 0.0, 0.0, 0.0, 0.0]
[PREDICT] instruction=grasp the blue cylinder
[PREDICT] unnorm_key=raccoon_pick_place
[PREDICT] action=[-0.0055800438423586176, 0.0021832978946508333, -0.001040667194014808, 0.0, 0.0, 0.0, 0.0]
[PREDICT] instruction=grasp the blue cylinder
[PREDICT] unnorm_key=raccoon_pick_place
[PREDICT] action=[-0.0014451390630108932, 0.011134109067554843, -0.0016178232852332962, 0.0, 0.0, 0.0, 0.0]
[PREDICT] instruction=grasp the blue cylinder
[PREDICT] unnorm_key=raccoon_pick_place
[PREDICT] action=[-0.0014451390630108932, 0.011134109067554843, -0.0011368598758845563, 0.0, 0.0, 0.0, 0.0]
[PREDICT] instruction=grasp the blue cylinder
[PREDICT] unnorm_key=raccoon_pick_place
[PREDICT] action=[-0.0007260251883417241, 0.011134109067554843, -0.001040667194014808, 0.0, 0.0, 0.0, 0.0]
[PREDICT] instruction=grasp the blue cylinder
[PREDICT] unnorm_key=raccoon_pick_place
[PREDICT] action=[-0.0014451390630108932, 0.011134109067554843, -0.0011368598758845563, 0.0, 0.0, 0.0, 0.0]
[PREDICT] instruction=grasp the blue cylinder
[PREDICT] unnorm_key=raccoon_pick_place
[PREDICT] action=[-0.0004563574853407859, 0.007416832296294161, 0.0015565352164683775, 0.0, 0.0, 0.0, 0.0]
[PREDICT] instruction=grasp the blue cylinder
[PREDICT] unnorm_key=raccoon_pick_place
[PREDICT] action=[-0.0006361359540080786, 0.007416832296294161, 0.0015565352164683775, 0.0, 0.0, 0.0, 0.0]
[PREDICT] instruction=grasp the blue cylinder
[PREDICT] unnorm_key=raccoon_pick_place
[PREDICT] action=[-0.0006361359540080786, 0.007416832296294161, 0.0015565352164683775, 0.0, 0.0, 0.0, 0.0]
[PREDICT] instruction=grasp the blue cylinder
[PREDICT] unnorm_key=raccoon_pick_place
[PREDICT] action=[-0.012141957948714787, 0.005704928520055689, 0.0010755718071196376, 0.0, 0.0, 0.0, 0.0]
[PREDICT] instruction=grasp the blue cylinder
[PREDICT] unnorm_key=raccoon_pick_place
[PREDICT] action=[-0.0005462467196744331, 0.0018409171394031386, 0.00040222303403140633, 0.0, 0.0, 0.0, 0.0]
[PREDICT] instruction=grasp the blue cylinder
[PREDICT] unnorm_key=raccoon_pick_place
[PREDICT] action=[-0.0006361359540080786, 0.007416832296294161, 0.0015565352164683775, 0.0, 0.0, 0.0, 0.0]
[PREDICT] instruction=grasp the blue cylinder
[PREDICT] unnorm_key=raccoon_pick_place
[PREDICT] action=[-0.0005462467196744331, 0.0018409171394031386, 0.00040222303403140633, 0.0, 0.0, 0.0, 0.0]
[PREDICT] instruction=grasp the blue cylinder
[PREDICT] unnorm_key=raccoon_pick_place
[PREDICT] action=[-0.0005462467196744331, 0.0018409171394031386, 0.00040222303403140633, 0.0, 0.0, 0.0, 0.0]
[PREDICT] instruction=grasp the blue cylinder
[PREDICT] unnorm_key=raccoon_pick_place
[PREDICT] action=[-0.012141957948714787, 0.005704928520055689, 0.0010755718071196376, 0.0, 0.0, 0.0, 0.0]
[PREDICT] instruction=grasp the blue cylinder
[PREDICT] unnorm_key=raccoon_pick_place
[PREDICT] action=[-0.0014451390630108932, 0.005558193910663821, 0.0005946083977709012, 0.0, 0.0, 0.0, 0.0]
[PREDICT] instruction=grasp the blue cylinder
[PREDICT] unnorm_key=raccoon_pick_place
[PREDICT] action=[-0.0009058036570090151, 0.003454997842713698, 0.0006908010796406478, 0.0, 0.0, 0.0, 0.0]
[PREDICT] instruction=grasp the blue cylinder
[PREDICT] unnorm_key=raccoon_pick_place
[PREDICT] action=[-0.0009058036570090151, 0.003454997842713698, -0.011429476835947555, 0.0, 0.0, 0.0, 0.0]
[PREDICT] instruction=grasp the blue cylinder
[PREDICT] unnorm_key=raccoon_pick_place
[PREDICT] action=[-0.0004563574853407859, 0.0018898286758670948, -0.01450764265577948, 0.0, 0.0, 0.0, 0.0]
[PREDICT] instruction=grasp the blue cylinder
[PREDICT] unnorm_key=raccoon_pick_place
[PREDICT] action=[-0.0004563574853407859, 0.0018898286758670948, -0.01450764265577948, 0.0, 0.0, 0.0, 0.0]
[PREDICT] instruction=grasp the blue cylinder
[PREDICT] unnorm_key=raccoon_pick_place
[PREDICT] action=[-6.911313672555014e-06, -1.7721246227202312e-05, 1.7452306552414795e-05, 0.0, 0.0, 0.0, 0.0]
[PREDICT] instruction=grasp the blue cylinder
[PREDICT] unnorm_key=raccoon_pick_place
[PREDICT] action=[-6.911313672555014e-06, -1.7721246227202312e-05, 1.7452306552414795e-05, 0.0, 0.0, 0.0, 0.0]
[PREDICT] instruction=grasp the blue cylinder
[PREDICT] unnorm_key=raccoon_pick_place
[PREDICT] action=[-0.0005462467196744331, 0.0018409171394031386, 0.00040222303403140633, 0.0, 0.0, 0.0, 0.0]
[PREDICT] instruction=grasp the blue cylinder
[PREDICT] unnorm_key=raccoon_pick_place
[PREDICT] action=[-6.911313672555014e-06, -1.7721246227202312e-05, 1.7452306552414795e-05, 0.0, 0.0, 0.0, 0.0]
[PREDICT] instruction=grasp the blue cylinder
[PREDICT] unnorm_key=raccoon_pick_place
[PREDICT] action=[-6.911313672555014e-06, -1.7721246227202312e-05, 1.7452306552414795e-05, 0.0, 0.0, 0.0, 0.0]
[PREDICT] instruction=grasp the blue cylinder
[PREDICT] unnorm_key=raccoon_pick_place
[PREDICT] action=[-6.911313672555014e-06, -1.7721246227202312e-05, 1.7452306552414795e-05, 0.0, 0.0, 0.0, 0.0]
[PREDICT] instruction=grasp the blue cylinder
[PREDICT] unnorm_key=raccoon_pick_place
[PREDICT] action=[-0.0005462467196744331, 0.002085474821722921, -0.01450764265577948, 0.0, 0.0, 0.0, 0.0]
[PREDICT] instruction=grasp the blue cylinder
[PREDICT] unnorm_key=raccoon_pick_place
[PREDICT] action=[-6.911313672555014e-06, -1.7721246227202312e-05, 1.7452306552414795e-05, 0.0, 0.0, 0.0, 0.0]
[PREDICT] instruction=grasp the blue cylinder
[PREDICT] unnorm_key=raccoon_pick_place
[PREDICT] action=[-9.68005480062005e-05, -0.0007024827567225907, -0.011910440245296293, 0.0, 0.0, 0.0, 0.0]
[PREDICT] instruction=grasp the blue cylinder
[PREDICT] unnorm_key=raccoon_pick_place
[PREDICT] action=[-0.00027657901667349494, 0.0018898286758670948, -0.01450764265577948, 0.0, 0.0, 0.0, 0.0]
[PREDICT] instruction=grasp the blue cylinder
[PREDICT] unnorm_key=raccoon_pick_place
[PREDICT] action=[-6.911313672555014e-06, -1.7721246227202312e-05, 1.7452306552414795e-05, 0.0, 0.0, 0.0, 0.0]
[PREDICT] instruction=grasp the blue cylinder
[PREDICT] unnorm_key=raccoon_pick_place
[PREDICT] action=[-0.00027657901667349494, 0.0010583325559798374, -0.01450764265577948, 0.0, 0.0, 0.0, 0.0]
[PREDICT] instruction=grasp the blue cylinder
[PREDICT] unnorm_key=raccoon_pick_place
[PREDICT] action=[-6.911313672555014e-06, -1.7721246227202312e-05, 1.7452306552414795e-05, 0.0, 0.0, 0.0, 0.0]
[PREDICT] instruction=grasp the blue cylinder
[PREDICT] unnorm_key=raccoon_pick_place
[PREDICT] action=[-6.911313672555014e-06, -1.7721246227202312e-05, 1.7452306552414795e-05, 0.0, 0.0, 0.0, 0.0]
[PREDICT] instruction=grasp the blue cylinder
[PREDICT] unnorm_key=raccoon_pick_place
[PREDICT] action=[-6.911313672555014e-06, -1.7721246227202312e-05, 1.7452306552414795e-05, 0.0, 0.0, 0.0, 0.0]
[PREDICT] instruction=grasp the blue cylinder
[PREDICT] unnorm_key=raccoon_pick_place
[PREDICT] action=[-0.00027657901667349494, 0.0010583325559798374, -0.01450764265577948, 0.0, 0.0, 0.0, 0.0]
[PREDICT] instruction=grasp the blue cylinder
[PREDICT] unnorm_key=raccoon_pick_place
[PREDICT] action=[-0.00027657901667349494, -0.0012894211942900667, -0.004792181786934966, 0.0, 0.0, 0.0, 0.0]
[PREDICT] instruction=grasp the blue cylinder
[PREDICT] unnorm_key=raccoon_pick_place
[PREDICT] action=[-6.911313672555014e-06, -1.7721246227202312e-05, 1.7452306552414795e-05, 0.0, 0.0, 0.0, 0.996078431372549]
[PREDICT] instruction=grasp the blue cylinder
[PREDICT] unnorm_key=raccoon_pick_place
[PREDICT] action=[-0.00027657901667349494, -0.0012894211942900667, -0.004215025695716482, 0.0, 0.0, 0.0, 0.0]
[PREDICT] instruction=grasp the blue cylinder
[PREDICT] unnorm_key=raccoon_pick_place
[PREDICT] action=[-6.911313672555014e-06, -1.7721246227202312e-05, 1.7452306552414795e-05, 0.0, 0.0, 0.0, 0.996078431372549]
[PREDICT] instruction=grasp the blue cylinder
[PREDICT] unnorm_key=raccoon_pick_place
[PREDICT] action=[-6.911313672555014e-06, -1.7721246227202312e-05, 1.7452306552414795e-05, 0.0, 0.0, 0.0, 0.0]
[PREDICT] instruction=grasp the blue cylinder
[PREDICT] unnorm_key=raccoon_pick_place
[PREDICT] action=[-6.911313672555014e-06, -1.7721246227202312e-05, 1.7452306552414795e-05, 0.0, 0.0, 0.0, 0.996078431372549]
[PREDICT] instruction=grasp the blue cylinder
[PREDICT] unnorm_key=raccoon_pick_place
[PREDICT] action=[-6.911313672555014e-06, -1.7721246227202312e-05, 1.7452306552414795e-05, 0.0, 0.0, 0.0, 0.996078431372549]
[PREDICT] instruction=grasp the blue cylinder
[PREDICT] unnorm_key=raccoon_pick_place
[PREDICT] action=[-6.911313672555014e-06, -1.7721246227202312e-05, 1.7452306552414795e-05, 0.0, 0.0, 0.0, 0.996078431372549]
[PREDICT] instruction=grasp the blue cylinder
[PREDICT] unnorm_key=raccoon_pick_place
[PREDICT] action=[-6.911313672555014e-06, -1.7721246227202312e-05, 1.7452306552414795e-05, 0.0, 0.0, 0.0, 0.996078431372549]
[PREDICT] instruction=grasp the blue cylinder
[PREDICT] unnorm_key=raccoon_pick_place
[PREDICT] action=[-6.911313672555014e-06, -1.7721246227202312e-05, 1.7452306552414795e-05, 0.0, 0.0, 0.0, 0.996078431372549]
[PREDICT] instruction=grasp the blue cylinder
[PREDICT] unnorm_key=raccoon_pick_place
[PREDICT] action=[-0.0055800438423586176, 0.0021832978946508333, -0.001040667194014808, 0.0, 0.0, 0.0, 0.0]
[PREDICT] instruction=grasp the blue cylinder
[PREDICT] unnorm_key=raccoon_pick_place
[PREDICT] action=[-0.0055800438423586176, 0.0021832978946508333, -0.001040667194014808, 0.0, 0.0, 0.0, 0.0]
[PREDICT] instruction=grasp the blue cylinder
[PREDICT] unnorm_key=raccoon_pick_place
[PREDICT] action=[-0.0055800438423586176, 0.0021832978946508333, -0.001040667194014808, 0.0, 0.0, 0.0, 0.0]
[PREDICT] instruction=grasp the blue cylinder
[PREDICT] unnorm_key=raccoon_pick_place
[PREDICT] action=[-0.0014451390630108932, 0.011134109067554843, -0.0016178232852332962, 0.0, 0.0, 0.0, 0.0]
[PREDICT] instruction=grasp the blue cylinder
[PREDICT] unnorm_key=raccoon_pick_place
[PREDICT] action=[-0.0014451390630108932, 0.011134109067554843, -0.0016178232852332962, 0.0, 0.0, 0.0, 0.0]
[PREDICT] instruction=grasp the blue cylinder
[PREDICT] unnorm_key=raccoon_pick_place
[PREDICT] action=[-0.0014451390630108932, 0.011134109067554843, -0.0016178232852332962, 0.0, 0.0, 0.0, 0.0]
[PREDICT] instruction=grasp the blue cylinder
[PREDICT] unnorm_key=raccoon_pick_place
[PREDICT] action=[-0.0014451390630108932, 0.00355282091564161, 0.00040222303403140633, 0.0, 0.0, 0.0, 0.0]
[PREDICT] instruction=grasp the blue cylinder
[PREDICT] unnorm_key=raccoon_pick_place
[PREDICT] action=[-0.0014451390630108932, 0.011134109067554843, -0.0016178232852332962, 0.0, 0.0, 0.0, 0.0]
[PREDICT] instruction=grasp the blue cylinder
[PREDICT] unnorm_key=raccoon_pick_place
[PREDICT] action=[-0.0006361359540080786, 0.007416832296294161, 0.0015565352164683775, 0.0, 0.0, 0.0, 0.0]
[PREDICT] instruction=grasp the blue cylinder
[PREDICT] unnorm_key=raccoon_pick_place
[PREDICT] action=[-0.0004563574853407859, 0.011134109067554843, -0.001040667194014808, 0.0, 0.0, 0.0, 0.0]
[PREDICT] instruction=grasp the blue cylinder
[PREDICT] unnorm_key=raccoon_pick_place
[PREDICT] action=[-0.0004563574853407859, 0.011134109067554843, -0.0011368598758845563, 0.0, 0.0, 0.0, 0.0]
[PREDICT] instruction=grasp the blue cylinder
[PREDICT] unnorm_key=raccoon_pick_place
[PREDICT] action=[-0.0004563574853407859, 0.011134109067554843, -0.0011368598758845563, 0.0, 0.0, 0.0, 0.0]
[PREDICT] instruction=grasp the blue cylinder
[PREDICT] unnorm_key=raccoon_pick_place
[PREDICT] action=[-0.0006361359540080786, 0.007416832296294161, 0.0015565352164683775, 0.0, 0.0, 0.0, 0.0]
[PREDICT] instruction=grasp the blue cylinder
[PREDICT] unnorm_key=raccoon_pick_place
[PREDICT] action=[-0.0006361359540080786, 0.007416832296294161, 0.0015565352164683775, 0.0, 0.0, 0.0, 0.0]
[PREDICT] instruction=grasp the blue cylinder
[PREDICT] unnorm_key=raccoon_pick_place
[PREDICT] action=[-0.0006361359540080786, 0.007416832296294161, 0.0015565352164683775, 0.0, 0.0, 0.0, 0.0]
[PREDICT] instruction=grasp the blue cylinder
[PREDICT] unnorm_key=raccoon_pick_place
[PREDICT] action=[-0.0006361359540080786, 0.007416832296294161, 0.0015565352164683775, 0.0, 0.0, 0.0, 0.0]
[PREDICT] instruction=grasp the blue cylinder
[PREDICT] unnorm_key=raccoon_pick_place
[PREDICT] action=[-0.0006361359540080786, 0.007416832296294161, 0.0015565352164683775, 0.0, 0.0, 0.0, 0.0]
[PREDICT] instruction=grasp the blue cylinder
[PREDICT] unnorm_key=raccoon_pick_place
[PREDICT] action=[-0.0006361359540080786, 0.007416832296294161, 0.0015565352164683775, 0.0, 0.0, 0.0, 0.0]
[PREDICT] instruction=grasp the blue cylinder
[PREDICT] unnorm_key=raccoon_pick_place
[PREDICT] action=[-0.0006361359540080786, 0.007416832296294161, 0.0015565352164683775, 0.0, 0.0, 0.0, 0.0]
[PREDICT] instruction=grasp the blue cylinder
[PREDICT] unnorm_key=raccoon_pick_place
[PREDICT] action=[-0.0006361359540080786, 0.007416832296294161, 0.0015565352164683775, 0.0, 0.0, 0.0, 0.0]
[PREDICT] instruction=grasp the blue cylinder
[PREDICT] unnorm_key=raccoon_pick_place
[PREDICT] action=[-0.0006361359540080786, 0.007416832296294161, 0.0015565352164683775, 0.0, 0.0, 0.0, 0.0]
[PREDICT] instruction=grasp the blue cylinder
[PREDICT] unnorm_key=raccoon_pick_place
[PREDICT] action=[-0.0006361359540080786, 0.007416832296294161, 0.0015565352164683775, 0.0, 0.0, 0.0, 0.0]
[PREDICT] instruction=grasp the blue cylinder
[PREDICT] unnorm_key=raccoon_pick_place
[PREDICT] action=[-0.0006361359540080786, 0.007416832296294161, 0.0015565352164683775, 0.0, 0.0, 0.0, 0.0]
[PREDICT] instruction=grasp the blue cylinder
[PREDICT] unnorm_key=raccoon_pick_place
[PREDICT] action=[-0.0006361359540080786, 0.007416832296294161, 0.0015565352164683775, 0.0, 0.0, 0.0, 0.0]
[PREDICT] instruction=grasp the blue cylinder
[PREDICT] unnorm_key=raccoon_pick_place
[PREDICT] action=[-0.0005462467196744331, 0.011134109067554843, -0.0037340622863677436, 0.0, 0.0, 0.0, 0.0]
[PREDICT] instruction=grasp the blue cylinder
[PREDICT] unnorm_key=raccoon_pick_place
[PREDICT] action=[-0.0006361359540080786, 0.007416832296294161, 0.0015565352164683775, 0.0, 0.0, 0.0, 0.0]
[PREDICT] instruction=grasp the blue cylinder
[PREDICT] unnorm_key=raccoon_pick_place
[PREDICT] action=[-0.0006361359540080786, 0.007416832296294161, 0.0015565352164683775, 0.0, 0.0, 0.0, 0.0]
[PREDICT] instruction=grasp the blue cylinder
[PREDICT] unnorm_key=raccoon_pick_place
[PREDICT] action=[-0.0006361359540080786, 0.007416832296294161, 0.0015565352164683775, 0.0, 0.0, 0.0, 0.0]
[PREDICT] instruction=grasp the blue cylinder
[PREDICT] unnorm_key=raccoon_pick_place
[PREDICT] action=[-0.0006361359540080786, 0.007416832296294161, 0.0015565352164683775, 0.0, 0.0, 0.0, 0.0]
[PREDICT] instruction=grasp the blue cylinder
[PREDICT] unnorm_key=raccoon_pick_place
[PREDICT] action=[-0.0006361359540080786, 0.007416832296294161, 0.0015565352164683775, 0.0, 0.0, 0.0, 0.0]
[PREDICT] instruction=grasp the blue cylinder
[PREDICT] unnorm_key=raccoon_pick_place
[PREDICT] action=[-0.0006361359540080786, 0.007416832296294161, 0.0015565352164683775, 0.0, 0.0, 0.0, 0.0]
[PREDICT] instruction=grasp the blue cylinder
[PREDICT] unnorm_key=raccoon_pick_place
[PREDICT] action=[-0.0006361359540080786, 0.007416832296294161, 0.0015565352164683775, 0.0, 0.0, 0.0, 0.0]
[PREDICT] instruction=grasp the blue cylinder
[PREDICT] unnorm_key=raccoon_pick_place
[PREDICT] action=[-0.0006361359540080786, 0.007416832296294161, 0.0015565352164683775, 0.0, 0.0, 0.0, 0.0]
[PREDICT] instruction=grasp the blue cylinder
[PREDICT] unnorm_key=raccoon_pick_place
[PREDICT] action=[-0.0006361359540080786, 0.007416832296294161, 0.0015565352164683775, 0.0, 0.0, 0.0, 0.0]
[PREDICT] instruction=grasp the blue cylinder
[PREDICT] unnorm_key=raccoon_pick_place
[PREDICT] action=[-0.0005462467196744331, 0.002819147868682265, -0.0005597037846660716, 0.0, 0.0, 0.0, 0.0]
[PREDICT] instruction=grasp the blue cylinder
[PREDICT] unnorm_key=raccoon_pick_place
[PREDICT] action=[-0.0005462467196744331, 0.002819147868682265, -0.0005597037846660716, 0.0, 0.0, 0.0, 0.0]
[PREDICT] instruction=grasp the blue cylinder
[PREDICT] unnorm_key=raccoon_pick_place
[PREDICT] action=[-0.0005462467196744331, 0.002819147868682265, -0.0005597037846660716, 0.0, 0.0, 0.0, 0.0]
[PREDICT] instruction=grasp the blue cylinder
[PREDICT] unnorm_key=raccoon_pick_place
[PREDICT] action=[-0.0005462467196744331, 0.011134109067554843, -0.0037340622863677436, 0.0, 0.0, 0.0, 0.0]
[PREDICT] instruction=grasp the blue cylinder
[PREDICT] unnorm_key=raccoon_pick_place
[PREDICT] action=[-0.0007260251883417241, 0.0029658824780741345, -0.00065589646653582, 0.0, 0.0, 0.0, 0.0]
[PREDICT] instruction=grasp the blue cylinder
[PREDICT] unnorm_key=raccoon_pick_place
[PREDICT] action=[-0.0055800438423586176, 0.0021832978946508333, -0.001040667194014808, 0.0, 0.0, 0.0, 0.0]
[PREDICT] instruction=grasp the blue cylinder
[PREDICT] unnorm_key=raccoon_pick_place
[PREDICT] action=[-0.0005462467196744331, 0.004482140108456781, -0.0017140159671030428, 0.0, 0.0, 0.0, 0.0]
[PREDICT] instruction=grasp the blue cylinder
[PREDICT] unnorm_key=raccoon_pick_place
[PREDICT] action=[-0.0027035883436819404, 0.002819147868682265, -0.00065589646653582, 0.0, 0.0, 0.0, 0.0]
[PREDICT] instruction=grasp the blue cylinder
[PREDICT] unnorm_key=raccoon_pick_place
[PREDICT] action=[-0.00027657901667349494, 0.0029658824780741345, -0.01450764265577948, 0.0, 0.0, 0.0, 0.0]
[PREDICT] instruction=grasp the blue cylinder
[PREDICT] unnorm_key=raccoon_pick_place
[PREDICT] action=[-9.68005480062005e-05, 0.003503909379177654, -0.001040667194014808, 0.0, 0.0, 0.0, 0.0]
[PREDICT] instruction=grasp the blue cylinder
[PREDICT] unnorm_key=raccoon_pick_place
[PREDICT] action=[-9.68005480062005e-05, -0.0012894211942900667, -0.006619842742460174, 0.0, 0.0, 0.0, 0.0]
[PREDICT] instruction=grasp the blue cylinder
[PREDICT] unnorm_key=raccoon_pick_place
[PREDICT] action=[-9.68005480062005e-05, -0.0012894211942900667, -0.006523650060590426, 0.0, 0.0, 0.0, 0.0]
[PREDICT] instruction=grasp the blue cylinder
[PREDICT] unnorm_key=raccoon_pick_place
[PREDICT] action=[-9.68005480062005e-05, -0.0012894211942900667, -0.007677962243027397, 0.0, 0.0, 0.0, 0.0]
[PREDICT] instruction=grasp the blue cylinder
[PREDICT] unnorm_key=raccoon_pick_place
[PREDICT] action=[-9.68005480062005e-05, -0.0012894211942900667, -0.007677962243027397, 0.0, 0.0, 0.0, 0.0]
[PREDICT] instruction=grasp the blue cylinder
[PREDICT] unnorm_key=raccoon_pick_place
[PREDICT] action=[-9.68005480062005e-05, -0.0012894211942900667, -0.007677962243027397, 0.0, 0.0, 0.0, 0.0]
[PREDICT] instruction=grasp the blue cylinder
[PREDICT] unnorm_key=raccoon_pick_place
[PREDICT] action=[-9.68005480062005e-05, -0.0012894211942900667, -0.006523650060590426, 0.0, 0.0, 0.0, 0.0]
[PREDICT] instruction=grasp the blue cylinder
[PREDICT] unnorm_key=raccoon_pick_place
[PREDICT] action=[-9.68005480062005e-05, -0.0012894211942900667, -0.005657915923762698, 0.0, 0.0, 0.0, 0.0]
[PREDICT] instruction=grasp the blue cylinder
[PREDICT] unnorm_key=raccoon_pick_place
[PREDICT] action=[-9.68005480062005e-05, -0.00040901353793885303, -0.002387364740191276, 0.0, 0.0, 0.0, 0.996078431372549]
[PREDICT] instruction=grasp the blue cylinder
[PREDICT] unnorm_key=raccoon_pick_place
[PREDICT] action=[-9.68005480062005e-05, -0.00040901353793885303, -0.002387364740191276, 0.0, 0.0, 0.0, 0.0]
[PREDICT] instruction=grasp the blue cylinder
[PREDICT] unnorm_key=raccoon_pick_place
[PREDICT] action=[-9.68005480062005e-05, -0.0012894211942900667, -0.004792181786934966, 0.0, 0.0, 0.0, 0.0]
[PREDICT] instruction=grasp the blue cylinder
[PREDICT] unnorm_key=raccoon_pick_place
[PREDICT] action=[-6.911313672555014e-06, -1.7721246227202312e-05, 1.7452306552414795e-05, 0.0, 0.0, 0.0, 0.0]
[PREDICT] instruction=grasp the blue cylinder
[PREDICT] unnorm_key=raccoon_pick_place
[PREDICT] action=[-9.68005480062005e-05, -0.0012894211942900667, -0.004888374468804716, 0.0, 0.0, 0.0, 0.0]
[PREDICT] instruction=grasp the blue cylinder
[PREDICT] unnorm_key=raccoon_pick_place
[PREDICT] action=[-6.911313672555014e-06, -1.7721246227202312e-05, 1.7452306552414795e-05, 0.0, 0.0, 0.0, 0.996078431372549]
[PREDICT] instruction=grasp the blue cylinder
[PREDICT] unnorm_key=raccoon_pick_place
[PREDICT] action=[-0.00018668978233984598, -0.0012894211942900667, -0.0035416769226282504, 0.0, 0.0, 0.0, 0.996078431372549]
[PREDICT] instruction=grasp the blue cylinder
[PREDICT] unnorm_key=raccoon_pick_place
[PREDICT] action=[-9.68005480062005e-05, -0.00040901353793885303, -0.002387364740191276, 0.0, 0.0, 0.0, 0.996078431372549]
[PREDICT] instruction=grasp the blue cylinder
[PREDICT] unnorm_key=raccoon_pick_place
[PREDICT] action=[-9.68005480062005e-05, -0.00040901353793885303, -0.001040667194014808, 0.0, 0.0, 0.0, 0.996078431372549]
[PREDICT] instruction=grasp the blue cylinder
[PREDICT] unnorm_key=raccoon_pick_place
[PREDICT] action=[-9.68005480062005e-05, -0.00040901353793885303, -0.001040667194014808, 0.0, 0.0, 0.0, 0.996078431372549]
[PREDICT] instruction=grasp the blue cylinder
[PREDICT] unnorm_key=raccoon_pick_place
[PREDICT] action=[-0.00018668978233984598, -0.00040901353793885303, -0.0016178232852332962, 0.0, 0.0, 0.0, 0.996078431372549]
[PREDICT] instruction=grasp the blue cylinder
[PREDICT] unnorm_key=raccoon_pick_place
[PREDICT] action=[-0.00027657901667349494, -0.0012894211942900667, -0.0035416769226282504, 0.0, 0.0, 0.0, 0.0]
[PREDICT] instruction=grasp the blue cylinder
[PREDICT] unnorm_key=raccoon_pick_place
[PREDICT] action=[-6.911313672555014e-06, -1.7721246227202312e-05, 1.7452306552414795e-05, 0.0, 0.0, 0.0, 0.996078431372549]
[PREDICT] instruction=grasp the blue cylinder
[PREDICT] unnorm_key=raccoon_pick_place
[PREDICT] action=[-6.911313672555014e-06, -1.7721246227202312e-05, 1.7452306552414795e-05, 0.0, 0.0, 0.0, 0.996078431372549]
[PREDICT] instruction=grasp the blue cylinder
[PREDICT] unnorm_key=raccoon_pick_place
[PREDICT] action=[-6.911313672555014e-06, -1.7721246227202312e-05, 1.7452306552414795e-05, 0.0, 0.0, 0.0, 0.996078431372549]
[PREDICT] instruction=grasp the blue cylinder
[PREDICT] unnorm_key=raccoon_pick_place
[PREDICT] action=[-6.911313672555014e-06, -1.7721246227202312e-05, 1.7452306552414795e-05, 0.0, 0.0, 0.0, 0.996078431372549]
[PREDICT] instruction=grasp the blue cylinder
[PREDICT] unnorm_key=raccoon_pick_place
[PREDICT] action=[-6.911313672555014e-06, -1.7721246227202312e-05, 1.7452306552414795e-05, 0.0, 0.0, 0.0, 0.996078431372549]
[PREDICT] instruction=grasp the blue cylinder
[PREDICT] unnorm_key=raccoon_pick_place
[PREDICT] action=[-6.911313672555014e-06, -1.7721246227202312e-05, 1.7452306552414795e-05, 0.0, 0.0, 0.0, 0.996078431372549]
[PREDICT] instruction=grasp the blue cylinder
[PREDICT] unnorm_key=raccoon_pick_place
[PREDICT] action=[-6.911313672555014e-06, -1.7721246227202312e-05, 1.7452306552414795e-05, 0.0, 0.0, 0.0, 0.996078431372549]
[PREDICT] instruction=grasp the blue cylinder
[PREDICT] unnorm_key=raccoon_pick_place
[PREDICT] action=[-6.911313672555014e-06, -1.7721246227202312e-05, 1.7452306552414795e-05, 0.0, 0.0, 0.0, 0.996078431372549]
[PREDICT] instruction=grasp the blue cylinder
[PREDICT] unnorm_key=raccoon_pick_place
[PREDICT] action=[-6.911313672555014e-06, -1.7721246227202312e-05, 1.7452306552414795e-05, 0.0, 0.0, 0.0, 0.996078431372549]
[PREDICT] instruction=grasp the blue cylinder
[PREDICT] unnorm_key=raccoon_pick_place
[PREDICT] action=[-6.911313672555014e-06, -1.7721246227202312e-05, 1.7452306552414795e-05, 0.0, 0.0, 0.0, 0.996078431372549]
[PREDICT] instruction=grasp the blue cylinder
[PREDICT] unnorm_key=raccoon_pick_place
[PREDICT] action=[-6.911313672555014e-06, -1.7721246227202312e-05, 1.7452306552414795e-05, 0.0, 0.0, 0.0, 0.996078431372549]
[PREDICT] instruction=grasp the blue cylinder
[PREDICT] unnorm_key=raccoon_pick_place
[PREDICT] action=[-9.68005480062005e-05, -0.00040901353793885303, -0.0014254379214938013, 0.0, 0.0, 0.0, 0.996078431372549]
[PREDICT] instruction=grasp the blue cylinder
[PREDICT] unnorm_key=raccoon_pick_place
[PREDICT] action=[-6.911313672555014e-06, -1.7721246227202312e-05, 1.7452306552414795e-05, 0.0, 0.0, 0.0, 0.996078431372549]
[PREDICT] instruction=grasp the blue cylinder
[PREDICT] unnorm_key=raccoon_pick_place
[PREDICT] action=[-6.911313672555014e-06, -1.7721246227202312e-05, 1.7452306552414795e-05, 0.0, 0.0, 0.0, 0.996078431372549]
[PREDICT] instruction=grasp the blue cylinder
[PREDICT] unnorm_key=raccoon_pick_place
[PREDICT] action=[-6.911313672555014e-06, -1.7721246227202312e-05, 1.7452306552414795e-05, 0.0, 0.0, 0.0, 0.996078431372549]
[PREDICT] instruction=grasp the blue cylinder
[PREDICT] unnorm_key=raccoon_pick_place
[PREDICT] action=[-6.911313672555014e-06, -1.7721246227202312e-05, 1.7452306552414795e-05, 0.0, 0.0, 0.0, 0.996078431372549]
[PREDICT] instruction=grasp the blue cylinder
[PREDICT] unnorm_key=raccoon_pick_place
[PREDICT] action=[-9.68005480062005e-05, -0.0012894211942900667, -0.004215025695716482, 0.0, 0.0, 0.0, 0.0]
[PREDICT] instruction=grasp the blue cylinder
[PREDICT] unnorm_key=raccoon_pick_place
[PREDICT] action=[-9.68005480062005e-05, -0.0012894211942900667, -0.004215025695716482, 0.0, 0.0, 0.0, 0.0]
[PREDICT] instruction=grasp the blue cylinder
[PREDICT] unnorm_key=raccoon_pick_place
[PREDICT] action=[-6.911313672555014e-06, -1.7721246227202312e-05, 1.7452306552414795e-05, 0.0, 0.0, 0.0, 0.996078431372549]
[PREDICT] instruction=grasp the blue cylinder
[PREDICT] unnorm_key=raccoon_pick_place
[PREDICT] action=[-6.911313672555014e-06, -1.7721246227202312e-05, 1.7452306552414795e-05, 0.0, 0.0, 0.0, 0.0]
[PREDICT] instruction=grasp the blue cylinder
[PREDICT] unnorm_key=raccoon_pick_place
[PREDICT] action=[-9.68005480062005e-05, -0.0012894211942900667, -0.004792181786934966, 0.0, 0.0, 0.0, 0.0]
[PREDICT] instruction=grasp the blue cylinder
[PREDICT] unnorm_key=raccoon_pick_place
[PREDICT] action=[-6.911313672555014e-06, -1.7721246227202312e-05, 1.7452306552414795e-05, 0.0, 0.0, 0.0, 0.996078431372549]
[PREDICT] instruction=grasp the blue cylinder
[PREDICT] unnorm_key=raccoon_pick_place
[PREDICT] action=[-6.911313672555014e-06, -1.7721246227202312e-05, 1.7452306552414795e-05, 0.0, 0.0, 0.0, 0.0]
[PREDICT] instruction=grasp the blue cylinder
[PREDICT] unnorm_key=raccoon_pick_place
[PREDICT] action=[-9.68005480062005e-05, -0.0012894211942900667, -0.004792181786934966, 0.0, 0.0, 0.0, 0.0]
[PREDICT] instruction=grasp the blue cylinder
[PREDICT] unnorm_key=raccoon_pick_place
[PREDICT] action=[-0.0014451390630108932, 0.011134109067554843, -0.0016178232852332962, 0.0, 0.0, 0.0, 0.0]
[PREDICT] instruction=grasp the blue cylinder
[PREDICT] unnorm_key=raccoon_pick_place
[PREDICT] action=[-0.0014451390630108932, 0.011134109067554843, -0.0016178232852332962, 0.0, 0.0, 0.0, 0.0]
[PREDICT] instruction=grasp the blue cylinder
[PREDICT] unnorm_key=raccoon_pick_place
[PREDICT] action=[-0.0014451390630108932, 0.011134109067554843, -0.0016178232852332962, 0.0, 0.0, 0.0, 0.0]
[PREDICT] instruction=grasp the blue cylinder
[PREDICT] unnorm_key=raccoon_pick_place
[PREDICT] action=[-0.0055800438423586176, 0.0021832978946508333, -0.001040667194014808, 0.0, 0.0, 0.0, 0.0]
[PREDICT] instruction=grasp the blue cylinder
[PREDICT] unnorm_key=raccoon_pick_place
[PREDICT] action=[-0.0055800438423586176, 0.0021832978946508333, -0.001040667194014808, 0.0, 0.0, 0.0, 0.0]
[PREDICT] instruction=grasp the blue cylinder
[PREDICT] unnorm_key=raccoon_pick_place
[PREDICT] action=[-0.0055800438423586176, 0.0021832978946508333, -0.001040667194014808, 0.0, 0.0, 0.0, 0.0]
[PREDICT] instruction=grasp the blue cylinder
[PREDICT] unnorm_key=raccoon_pick_place
[PREDICT] action=[-0.0014451390630108932, 0.011134109067554843, -0.0016178232852332962, 0.0, 0.0, 0.0, 0.0]
[PREDICT] instruction=grasp the blue cylinder
[PREDICT] unnorm_key=raccoon_pick_place
[PREDICT] action=[-0.0014451390630108932, 0.011134109067554843, -0.0016178232852332962, 0.0, 0.0, 0.0, 0.0]
[PREDICT] instruction=grasp the blue cylinder
[PREDICT] unnorm_key=raccoon_pick_place
[PREDICT] action=[-0.0014451390630108932, 0.011134109067554843, -0.0016178232852332962, 0.0, 0.0, 0.0, 0.0]
[PREDICT] instruction=grasp the blue cylinder
[PREDICT] unnorm_key=raccoon_pick_place
[PREDICT] action=[-0.0006361359540080786, 0.007416832296294161, 0.0015565352164683775, 0.0, 0.0, 0.0, 0.0]
[PREDICT] instruction=grasp the blue cylinder
[PREDICT] unnorm_key=raccoon_pick_place
[PREDICT] action=[-0.0006361359540080786, 0.007416832296294161, 0.0015565352164683775, 0.0, 0.0, 0.0, 0.0]
[PREDICT] instruction=grasp the blue cylinder
[PREDICT] unnorm_key=raccoon_pick_place
[PREDICT] action=[-0.0014451390630108932, 0.011134109067554843, -0.0016178232852332962, 0.0, 0.0, 0.0, 0.0]
[PREDICT] instruction=grasp the blue cylinder
[PREDICT] unnorm_key=raccoon_pick_place
[PREDICT] action=[-0.0006361359540080786, 0.007416832296294161, 0.0015565352164683775, 0.0, 0.0, 0.0, 0.0]
[PREDICT] instruction=grasp the blue cylinder
[PREDICT] unnorm_key=raccoon_pick_place
[PREDICT] action=[-0.0006361359540080786, 0.007416832296294161, 0.0015565352164683775, 0.0, 0.0, 0.0, 0.0]
[PREDICT] instruction=grasp the blue cylinder
[PREDICT] unnorm_key=raccoon_pick_place
[PREDICT] action=[-0.0006361359540080786, 0.007416832296294161, 0.0015565352164683775, 0.0, 0.0, 0.0, 0.0]
[PREDICT] instruction=grasp the blue cylinder
[PREDICT] unnorm_key=raccoon_pick_place
[PREDICT] action=[-0.0006361359540080786, 0.007416832296294161, 0.0015565352164683775, 0.0, 0.0, 0.0, 0.0]
[PREDICT] instruction=grasp the blue cylinder
[PREDICT] unnorm_key=raccoon_pick_place
[PREDICT] action=[-0.0006361359540080786, 0.007416832296294161, 0.0015565352164683775, 0.0, 0.0, 0.0, 0.0]
[PREDICT] instruction=grasp the blue cylinder
[PREDICT] unnorm_key=raccoon_pick_place
[PREDICT] action=[-0.0006361359540080786, 0.007416832296294161, 0.0015565352164683775, 0.0, 0.0, 0.0, 0.0]
[PREDICT] instruction=grasp the blue cylinder
[PREDICT] unnorm_key=raccoon_pick_place
[PREDICT] action=[-0.0006361359540080786, 0.007416832296294161, 0.0015565352164683775, 0.0, 0.0, 0.0, 0.0]
[PREDICT] instruction=grasp the blue cylinder
[PREDICT] unnorm_key=raccoon_pick_place
[PREDICT] action=[-0.0014451390630108932, 0.011134109067554843, -0.001040667194014808, 0.0, 0.0, 0.0, 0.0]
[PREDICT] instruction=grasp the blue cylinder
[PREDICT] unnorm_key=raccoon_pick_place
[PREDICT] action=[-0.0014451390630108932, 0.011134109067554843, -0.001040667194014808, 0.0, 0.0, 0.0, 0.0]
[PREDICT] instruction=grasp the blue cylinder
[PREDICT] unnorm_key=raccoon_pick_place
[PREDICT] action=[-0.0006361359540080786, 0.007416832296294161, 0.0015565352164683775, 0.0, 0.0, 0.0, 0.0]
[PREDICT] instruction=grasp the blue cylinder
[PREDICT] unnorm_key=raccoon_pick_place
[PREDICT] action=[-0.0005462467196744331, 0.011134109067554843, -0.004022640331976987, 0.0, 0.0, 0.0, 0.0]
[PREDICT] instruction=grasp the blue cylinder
[PREDICT] unnorm_key=raccoon_pick_place
[PREDICT] action=[-0.0006361359540080786, 0.007416832296294161, 0.0015565352164683775, 0.0, 0.0, 0.0, 0.0]
[PREDICT] instruction=grasp the blue cylinder
[PREDICT] unnorm_key=raccoon_pick_place
[PREDICT] action=[-0.0006361359540080786, 0.007416832296294161, 0.0015565352164683775, 0.0, 0.0, 0.0, 0.0]
[PREDICT] instruction=grasp the blue cylinder
[PREDICT] unnorm_key=raccoon_pick_place
[PREDICT] action=[-0.0005462467196744331, 0.011134109067554843, -0.0037340622863677436, 0.0, 0.0, 0.0, 0.0]
[PREDICT] instruction=grasp the blue cylinder
[PREDICT] unnorm_key=raccoon_pick_place
[PREDICT] action=[-0.0006361359540080786, 0.007416832296294161, 0.0015565352164683775, 0.0, 0.0, 0.0, 0.0]
[PREDICT] instruction=grasp the blue cylinder
[PREDICT] unnorm_key=raccoon_pick_place
[PREDICT] action=[-0.0006361359540080786, 0.007416832296294161, 0.0015565352164683775, 0.0, 0.0, 0.0, 0.0]
[PREDICT] instruction=grasp the blue cylinder
[PREDICT] unnorm_key=raccoon_pick_place
[PREDICT] action=[-0.0006361359540080786, 0.007416832296294161, 0.0015565352164683775, 0.0, 0.0, 0.0, 0.0]
[PREDICT] instruction=grasp the blue cylinder
[PREDICT] unnorm_key=raccoon_pick_place
[PREDICT] action=[-0.0006361359540080786, 0.007416832296294161, 0.0015565352164683775, 0.0, 0.0, 0.0, 0.0]
[PREDICT] instruction=grasp the blue cylinder
[PREDICT] unnorm_key=raccoon_pick_place
[PREDICT] action=[-0.0006361359540080786, 0.007416832296294161, 0.0015565352164683775, 0.0, 0.0, 0.0, 0.0]
[PREDICT] instruction=grasp the blue cylinder
[PREDICT] unnorm_key=raccoon_pick_place
[PREDICT] action=[-0.0005462467196744331, 0.011134109067554843, -0.0011368598758845563, 0.0, 0.0, 0.0, 0.0]
[PREDICT] instruction=grasp the blue cylinder
[PREDICT] unnorm_key=raccoon_pick_place
[PREDICT] action=[-0.012141957948714787, 0.005900574665911514, 0.0010755718071196376, 0.0, 0.0, 0.0, 0.0]
[PREDICT] instruction=grasp the blue cylinder
[PREDICT] unnorm_key=raccoon_pick_place
[PREDICT] action=[-0.0005462467196744331, 0.0018409171394031386, 0.00040222303403140633, 0.0, 0.0, 0.0, 0.0]
[PREDICT] instruction=grasp the blue cylinder
[PREDICT] unnorm_key=raccoon_pick_place
[PREDICT] action=[-0.0005462467196744331, 0.0018409171394031386, 0.00040222303403140633, 0.0, 0.0, 0.0, 0.0]
[PREDICT] instruction=grasp the blue cylinder
[PREDICT] unnorm_key=raccoon_pick_place
[PREDICT] action=[-0.012141957948714787, 0.005900574665911514, 0.0010755718071196376, 0.0, 0.0, 0.0, 0.0]
[PREDICT] instruction=grasp the blue cylinder
[PREDICT] unnorm_key=raccoon_pick_place
[PREDICT] action=[-6.911313672555014e-06, -1.7721246227202312e-05, -0.01450764265577948, 0.0, 0.0, 0.0, 0.0]
[PREDICT] instruction=grasp the blue cylinder
[PREDICT] unnorm_key=raccoon_pick_place
[PREDICT] action=[0.0002627563893283832, 0.002036563285258964, 0.00040222303403140633, 0.0, 0.0, 0.0, 0.0]
[PREDICT] instruction=grasp the blue cylinder
[PREDICT] unnorm_key=raccoon_pick_place
[PREDICT] action=[-6.911313672555014e-06, -1.7721246227202312e-05, -0.01450764265577948, 0.0, 0.0, 0.0, 0.0]
[PREDICT] instruction=grasp the blue cylinder
[PREDICT] unnorm_key=raccoon_pick_place
[PREDICT] action=[-6.911313672555014e-06, -1.7721246227202312e-05, -0.01450764265577948, 0.0, 0.0, 0.0, 0.0]
[PREDICT] instruction=grasp the blue cylinder
[PREDICT] unnorm_key=raccoon_pick_place
[PREDICT] action=[-6.911313672555014e-06, -1.7721246227202312e-05, -0.01450764265577948, 0.0, 0.0, 0.0, 0.0]
[PREDICT] instruction=grasp the blue cylinder
[PREDICT] unnorm_key=raccoon_pick_place
[PREDICT] action=[-6.911313672555014e-06, -1.7721246227202312e-05, 1.7452306552414795e-05, 0.0, 0.0, 0.0, 0.0]
[PREDICT] instruction=grasp the blue cylinder
[PREDICT] unnorm_key=raccoon_pick_place
[PREDICT] action=[-6.911313672555014e-06, -1.7721246227202312e-05, -0.011237091472208062, 0.0, 0.0, 0.0, 0.0]
[PREDICT] instruction=grasp the blue cylinder
[PREDICT] unnorm_key=raccoon_pick_place
[PREDICT] action=[-6.911313672555014e-06, -1.7721246227202312e-05, 1.7452306552414795e-05, 0.0, 0.0, 0.0, 0.0]
[PREDICT] instruction=grasp the blue cylinder
[PREDICT] unnorm_key=raccoon_pick_place
[PREDICT] action=[-9.68005480062005e-05, -0.00040901353793885303, -0.00921704515294336, 0.0, 0.0, 0.0, 0.0]
[PREDICT] instruction=grasp the blue cylinder
[PREDICT] unnorm_key=raccoon_pick_place
[PREDICT] action=[0.0001728671549947377, -0.0007024827567225907, -0.002387364740191276, 0.0, 0.0, 0.0, 0.0]
[PREDICT] instruction=grasp the blue cylinder
[PREDICT] unnorm_key=raccoon_pick_place
[PREDICT] action=[-6.911313672555014e-06, -1.7721246227202312e-05, 1.7452306552414795e-05, 0.0, 0.0, 0.0, 0.0]
[PREDICT] instruction=grasp the blue cylinder
[PREDICT] unnorm_key=raccoon_pick_place
[PREDICT] action=[-6.911313672555014e-06, -1.7721246227202312e-05, 1.7452306552414795e-05, 0.0, 0.0, 0.0, 0.0]
[PREDICT] instruction=grasp the blue cylinder
[PREDICT] unnorm_key=raccoon_pick_place
[PREDICT] action=[-6.911313672555014e-06, -1.7721246227202312e-05, 1.7452306552414795e-05, 0.0, 0.0, 0.0, 0.0]
[PREDICT] instruction=grasp the blue cylinder
[PREDICT] unnorm_key=raccoon_pick_place
[PREDICT] action=[-9.68005480062005e-05, -0.0012894211942900667, -0.00883227442546437, 0.0, 0.0, 0.0, 0.0]
[PREDICT] instruction=grasp the blue cylinder
[PREDICT] unnorm_key=raccoon_pick_place
[PREDICT] action=[0.0001728671549947377, -0.0007024827567225907, -0.007677962243027397, 0.0, 0.0, 0.0, 0.0]
[PREDICT] instruction=grasp the blue cylinder
[PREDICT] unnorm_key=raccoon_pick_place
[PREDICT] action=[0.0002627563893283832, -0.0012894211942900667, -0.006619842742460174, 0.0, 0.0, 0.0, 0.0]
[PREDICT] instruction=grasp the blue cylinder
[PREDICT] unnorm_key=raccoon_pick_place
[PREDICT] action=[0.0003526456236620304, -0.0012894211942900667, -0.006619842742460174, 0.0, 0.0, 0.0, 0.0]
[PREDICT] instruction=grasp the blue cylinder
[PREDICT] unnorm_key=raccoon_pick_place
[PREDICT] action=[-6.911313672555014e-06, -1.7721246227202312e-05, 1.7452306552414795e-05, 0.0, 0.0, 0.0, 0.996078431372549]
[PREDICT] instruction=grasp the blue cylinder
[PREDICT] unnorm_key=raccoon_pick_place
[PREDICT] action=[-6.911313672555014e-06, -1.7721246227202312e-05, 1.7452306552414795e-05, 0.0, 0.0, 0.0, 0.996078431372549]
[PREDICT] instruction=grasp the blue cylinder
[PREDICT] unnorm_key=raccoon_pick_place
[PREDICT] action=[-6.911313672555014e-06, -1.7721246227202312e-05, 1.7452306552414795e-05, 0.0, 0.0, 0.0, 0.996078431372549]
[PREDICT] instruction=grasp the blue cylinder
[PREDICT] unnorm_key=raccoon_pick_place
[PREDICT] action=[-6.911313672555014e-06, -1.7721246227202312e-05, 1.7452306552414795e-05, 0.0, 0.0, 0.0, 0.0]
[PREDICT] instruction=grasp the blue cylinder
[PREDICT] unnorm_key=raccoon_pick_place
[PREDICT] action=[-6.911313672555014e-06, -1.7721246227202312e-05, 1.7452306552414795e-05, 0.0, 0.0, 0.0, 0.996078431372549]
[PREDICT] instruction=grasp the blue cylinder
[PREDICT] unnorm_key=raccoon_pick_place
[PREDICT] action=[-6.911313672555014e-06, -1.7721246227202312e-05, 1.7452306552414795e-05, 0.0, 0.0, 0.0, 0.996078431372549]
[PREDICT] instruction=grasp the blue cylinder
[PREDICT] unnorm_key=raccoon_pick_place
[PREDICT] action=[-6.911313672555014e-06, -1.7721246227202312e-05, 1.7452306552414795e-05, 0.0, 0.0, 0.0, 0.996078431372549]
[PREDICT] instruction=grasp the blue cylinder
[PREDICT] unnorm_key=raccoon_pick_place
[PREDICT] action=[-6.911313672555014e-06, -1.7721246227202312e-05, 1.7452306552414795e-05, 0.0, 0.0, 0.0, 0.996078431372549]
[PREDICT] instruction=grasp the blue cylinder
[PREDICT] unnorm_key=raccoon_pick_place
[PREDICT] action=[-6.911313672555014e-06, -1.7721246227202312e-05, 1.7452306552414795e-05, 0.0, 0.0, 0.0, 0.996078431372549]
[PREDICT] instruction=grasp the blue cylinder
[PREDICT] unnorm_key=raccoon_pick_place
[PREDICT] action=[-6.911313672555014e-06, -1.7721246227202312e-05, 1.7452306552414795e-05, 0.0, 0.0, 0.0, 0.996078431372549]
[PREDICT] instruction=grasp the blue cylinder
[PREDICT] unnorm_key=raccoon_pick_place
[PREDICT] action=[-6.911313672555014e-06, -1.7721246227202312e-05, 1.7452306552414795e-05, 0.0, 0.0, 0.0, 0.996078431372549]
[PREDICT] instruction=grasp the blue cylinder
[PREDICT] unnorm_key=raccoon_pick_place
[PREDICT] action=[-6.911313672555014e-06, -1.7721246227202312e-05, 1.7452306552414795e-05, 0.0, 0.0, 0.0, 0.996078431372549]
[PREDICT] instruction=grasp the blue cylinder
[PREDICT] unnorm_key=raccoon_pick_place
[PREDICT] action=[-6.911313672555014e-06, -1.7721246227202312e-05, 1.7452306552414795e-05, 0.0, 0.0, 0.0, 0.996078431372549]
[PREDICT] instruction=grasp the blue cylinder
[PREDICT] unnorm_key=raccoon_pick_place
[PREDICT] action=[-6.911313672555014e-06, -1.7721246227202312e-05, 1.7452306552414795e-05, 0.0, 0.0, 0.0, 0.996078431372549]
[PREDICT] instruction=grasp the red cylinder
[PREDICT] unnorm_key=raccoon_pick_place
[PREDICT] action=[-0.0014451390630108932, 0.011134109067554843, -0.001040667194014808, 0.0, 0.0, 0.0, 0.0]
[PREDICT] instruction=grasp the red cylinder
[PREDICT] unnorm_key=raccoon_pick_place
[PREDICT] action=[-0.0005462467196744331, 0.002819147868682265, 1.7452306552414795e-05, 0.0, 0.0, 0.0, 0.0]
[PREDICT] instruction=grasp the red cylinder
[PREDICT] unnorm_key=raccoon_pick_place
[PREDICT] action=[-0.0014451390630108932, 0.011134109067554843, -0.001040667194014808, 0.0, 0.0, 0.0, 0.0]
[PREDICT] instruction=grasp the red cylinder
[PREDICT] unnorm_key=raccoon_pick_place
[PREDICT] action=[-0.0007260251883417241, 0.011134109067554843, -0.0025797501039307724, 0.0, 0.0, 0.0, 0.0]
[PREDICT] instruction=grasp the red cylinder
[PREDICT] unnorm_key=raccoon_pick_place
[PREDICT] action=[-0.0007260251883417241, 0.002868059405146222, 1.7452306552414795e-05, 0.0, 0.0, 0.0, 0.0]
[PREDICT] instruction=grasp the red cylinder
[PREDICT] unnorm_key=raccoon_pick_place
[PREDICT] action=[-0.0007260251883417241, 0.002868059405146222, 1.7452306552414795e-05, 0.0, 0.0, 0.0, 0.0]
[PREDICT] instruction=grasp the red cylinder
[PREDICT] unnorm_key=raccoon_pick_place
[PREDICT] action=[-0.0007260251883417241, 0.002868059405146222, 1.7452306552414795e-05, 0.0, 0.0, 0.0, 0.0]
[PREDICT] instruction=grasp the red cylinder
[PREDICT] unnorm_key=raccoon_pick_place
[PREDICT] action=[-0.0005462467196744331, 0.011134109067554843, -0.0037340622863677436, 0.0, 0.0, 0.0, 0.0]
[PREDICT] instruction=grasp the red cylinder
[PREDICT] unnorm_key=raccoon_pick_place
[PREDICT] action=[-0.0005462467196744331, 0.011134109067554843, -0.0016178232852332962, 0.0, 0.0, 0.0, 0.0]
[PREDICT] instruction=grasp the red cylinder
[PREDICT] unnorm_key=raccoon_pick_place
[PREDICT] action=[-0.0004563574853407859, 0.011134109067554843, -0.0025797501039307724, 0.0, 0.0, 0.0, 0.0]
[PREDICT] instruction=grasp the red cylinder
[PREDICT] unnorm_key=raccoon_pick_place
[PREDICT] action=[-0.0004563574853407859, 0.011134109067554843, -0.0025797501039307724, 0.0, 0.0, 0.0, 0.0]
[PREDICT] instruction=grasp the red cylinder
[PREDICT] unnorm_key=raccoon_pick_place
[PREDICT] action=[-9.68005480062005e-05, 0.003503909379177654, -0.001040667194014808, 0.0, 0.0, 0.0, 0.0]
[PREDICT] instruction=grasp the red cylinder
[PREDICT] unnorm_key=raccoon_pick_place
[PREDICT] action=[-0.0006361359540080786, 0.007416832296294161, 0.0015565352164683775, 0.0, 0.0, 0.0, 0.0]
[PREDICT] instruction=grasp the red cylinder
[PREDICT] unnorm_key=raccoon_pick_place
[PREDICT] action=[-6.911313672555014e-06, -1.7721246227202312e-05, 1.7452306552414795e-05, 0.0, 0.0, 0.0, 0.0]
[PREDICT] instruction=grasp the red cylinder
[PREDICT] unnorm_key=raccoon_pick_place
[PREDICT] action=[-6.911313672555014e-06, -1.7721246227202312e-05, 1.7452306552414795e-05, 0.0, 0.0, 0.0, 0.0]
[PREDICT] instruction=grasp the red cylinder
[PREDICT] unnorm_key=raccoon_pick_place
[PREDICT] action=[-6.911313672555014e-06, -1.7721246227202312e-05, 1.7452306552414795e-05, 0.0, 0.0, 0.0, 0.0]
[PREDICT] instruction=grasp the red cylinder
[PREDICT] unnorm_key=raccoon_pick_place
[PREDICT] action=[-6.911313672555014e-06, -1.7721246227202312e-05, 1.7452306552414795e-05, 0.0, 0.0, 0.0, 0.0]
[PREDICT] instruction=grasp the red cylinder
[PREDICT] unnorm_key=raccoon_pick_place
[PREDICT] action=[-6.911313672555014e-06, -1.7721246227202312e-05, 1.7452306552414795e-05, 0.0, 0.0, 0.0, 0.0]
[PREDICT] instruction=grasp the red cylinder
[PREDICT] unnorm_key=raccoon_pick_place
[PREDICT] action=[-6.911313672555014e-06, -1.7721246227202312e-05, 1.7452306552414795e-05, 0.0, 0.0, 0.0, 0.0]
[PREDICT] instruction=grasp the red cylinder
[PREDICT] unnorm_key=raccoon_pick_place
[PREDICT] action=[-9.68005480062005e-05, 0.0013518017747635757, -0.01450764265577948, 0.0, 0.0, 0.0, 0.0]
[PREDICT] instruction=grasp the red cylinder
[PREDICT] unnorm_key=raccoon_pick_place
[PREDICT] action=[-9.68005480062005e-05, 0.003503909379177654, 0.0008831864433801427, 0.0, 0.0, 0.0, 0.0]
[PREDICT] instruction=grasp the red cylinder
[PREDICT] unnorm_key=raccoon_pick_place
[PREDICT] action=[-6.911313672555014e-06, -1.7721246227202312e-05, 1.7452306552414795e-05, 0.0, 0.0, 0.0, 0.0]
[PREDICT] instruction=grasp the red cylinder
[PREDICT] unnorm_key=raccoon_pick_place
[PREDICT] action=[-6.911313672555014e-06, -1.7721246227202312e-05, 1.7452306552414795e-05, 0.0, 0.0, 0.0, 0.0]
[PREDICT] instruction=grasp the red cylinder
[PREDICT] unnorm_key=raccoon_pick_place
[PREDICT] action=[-6.911313672555014e-06, -1.7721246227202312e-05, 1.7452306552414795e-05, 0.0, 0.0, 0.0, 0.0]
[PREDICT] instruction=grasp the red cylinder
[PREDICT] unnorm_key=raccoon_pick_place
[PREDICT] action=[-6.911313672555014e-06, -1.7721246227202312e-05, 1.7452306552414795e-05, 0.0, 0.0, 0.0, 0.0]
[PREDICT] instruction=grasp the red cylinder
[PREDICT] unnorm_key=raccoon_pick_place
[PREDICT] action=[-6.911313672555014e-06, -1.7721246227202312e-05, 1.7452306552414795e-05, 0.0, 0.0, 0.0, 0.0]
[PREDICT] instruction=grasp the red cylinder
[PREDICT] unnorm_key=raccoon_pick_place
[PREDICT] action=[-6.911313672555014e-06, -1.7721246227202312e-05, 1.7452306552414795e-05, 0.0, 0.0, 0.0, 0.0]
[PREDICT] instruction=grasp the red cylinder
[PREDICT] unnorm_key=raccoon_pick_place
[PREDICT] action=[-6.911313672555014e-06, -1.7721246227202312e-05, 1.7452306552414795e-05, 0.0, 0.0, 0.0, 0.0]
[PREDICT] instruction=grasp the red cylinder
[PREDICT] unnorm_key=raccoon_pick_place
[PREDICT] action=[-6.911313672555014e-06, -1.7721246227202312e-05, 1.7452306552414795e-05, 0.0, 0.0, 0.0, 0.0]
[PREDICT] instruction=grasp the red cylinder
[PREDICT] unnorm_key=raccoon_pick_place
[PREDICT] action=[-6.911313672555014e-06, -1.7721246227202312e-05, 1.7452306552414795e-05, 0.0, 0.0, 0.0, 0.0]
[PREDICT] instruction=grasp the red cylinder
[PREDICT] unnorm_key=raccoon_pick_place
[PREDICT] action=[-9.68005480062005e-05, 0.0013518017747635757, -0.01450764265577948, 0.0, 0.0, 0.0, 0.0]
[PREDICT] instruction=grasp the red cylinder
[PREDICT] unnorm_key=raccoon_pick_place
[PREDICT] action=[-6.911313672555014e-06, -1.7721246227202312e-05, 1.7452306552414795e-05, 0.0, 0.0, 0.0, 0.0]
[PREDICT] instruction=grasp the red cylinder
[PREDICT] unnorm_key=raccoon_pick_place
[PREDICT] action=[-6.911313672555014e-06, -1.7721246227202312e-05, 1.7452306552414795e-05, 0.0, 0.0, 0.0, 0.0]
[PREDICT] instruction=grasp the red cylinder
[PREDICT] unnorm_key=raccoon_pick_place
[PREDICT] action=[-6.911313672555014e-06, -1.7721246227202312e-05, 1.7452306552414795e-05, 0.0, 0.0, 0.0, 0.0]
[PREDICT] instruction=grasp the red cylinder
[PREDICT] unnorm_key=raccoon_pick_place
[PREDICT] action=[-6.911313672555014e-06, -1.7721246227202312e-05, 1.7452306552414795e-05, 0.0, 0.0, 0.0, 0.0]
[PREDICT] instruction=grasp the red cylinder
[PREDICT] unnorm_key=raccoon_pick_place
[PREDICT] action=[-6.911313672555014e-06, -1.7721246227202312e-05, 1.7452306552414795e-05, 0.0, 0.0, 0.0, 0.0]
[PREDICT] instruction=grasp the red cylinder
[PREDICT] unnorm_key=raccoon_pick_place
[PREDICT] action=[-6.911313672555014e-06, -1.7721246227202312e-05, 1.7452306552414795e-05, 0.0, 0.0, 0.0, 0.0]
[PREDICT] instruction=grasp the red cylinder
[PREDICT] unnorm_key=raccoon_pick_place
[PREDICT] action=[-6.911313672555014e-06, -1.7721246227202312e-05, 1.7452306552414795e-05, 0.0, 0.0, 0.0, 0.0]
[PREDICT] instruction=grasp the red cylinder
[PREDICT] unnorm_key=raccoon_pick_place
[PREDICT] action=[-6.911313672555014e-06, -1.7721246227202312e-05, 1.7452306552414795e-05, 0.0, 0.0, 0.0, 0.0]
[PREDICT] instruction=grasp the red cylinder
[PREDICT] unnorm_key=raccoon_pick_place
[PREDICT] action=[-6.911313672555014e-06, -1.7721246227202312e-05, 1.7452306552414795e-05, 0.0, 0.0, 0.0, 0.0]
[PREDICT] instruction=grasp the red cylinder
[PREDICT] unnorm_key=raccoon_pick_place
[PREDICT] action=[-6.911313672555014e-06, -1.7721246227202312e-05, 1.7452306552414795e-05, 0.0, 0.0, 0.0, 0.0]
[PREDICT] instruction=grasp the red cylinder
[PREDICT] unnorm_key=raccoon_pick_place
[PREDICT] action=[-6.911313672555014e-06, -1.7721246227202312e-05, 1.7452306552414795e-05, 0.0, 0.0, 0.0, 0.0]
[PREDICT] instruction=grasp the red cylinder
[PREDICT] unnorm_key=raccoon_pick_place
[PREDICT] action=[-6.911313672555014e-06, -1.7721246227202312e-05, 1.7452306552414795e-05, 0.0, 0.0, 0.0, 0.0]
[PREDICT] instruction=grasp the red cylinder
[PREDICT] unnorm_key=raccoon_pick_place
[PREDICT] action=[-6.911313672555014e-06, -1.7721246227202312e-05, 1.7452306552414795e-05, 0.0, 0.0, 0.0, 0.996078431372549]
[PREDICT] instruction=grasp the blue cylinder
[PREDICT] unnorm_key=raccoon_pick_place
[PREDICT] action=[-0.0055800438423586176, 0.0021832978946508333, -0.001040667194014808, 0.0, 0.0, 0.0, 0.0]
[PREDICT] instruction=grasp the blue cylinder
[PREDICT] unnorm_key=raccoon_pick_place
[PREDICT] action=[-0.0055800438423586176, 0.0021832978946508333, -0.001040667194014808, 0.0, 0.0, 0.0, 0.0]
[PREDICT] instruction=grasp the blue cylinder
[PREDICT] unnorm_key=raccoon_pick_place
[PREDICT] action=[-0.0055800438423586176, 0.0021832978946508333, -0.001040667194014808, 0.0, 0.0, 0.0, 0.0]
[PREDICT] instruction=grasp the blue cylinder
[PREDICT] unnorm_key=raccoon_pick_place
[PREDICT] action=[-0.0014451390630108932, 0.011134109067554843, -0.0016178232852332962, 0.0, 0.0, 0.0, 0.0]
[PREDICT] instruction=grasp the blue cylinder
[PREDICT] unnorm_key=raccoon_pick_place
[PREDICT] action=[-0.0014451390630108932, 0.011134109067554843, -0.0016178232852332962, 0.0, 0.0, 0.0, 0.0]
[PREDICT] instruction=grasp the blue cylinder
[PREDICT] unnorm_key=raccoon_pick_place
[PREDICT] action=[-0.0014451390630108932, 0.011134109067554843, -0.0016178232852332962, 0.0, 0.0, 0.0, 0.0]
[PREDICT] instruction=grasp the blue cylinder
[PREDICT] unnorm_key=raccoon_pick_place
[PREDICT] action=[-0.0005462467196744331, 0.011134109067554843, -0.0037340622863677436, 0.0, 0.0, 0.0, 0.0]
[PREDICT] instruction=grasp the blue cylinder
[PREDICT] unnorm_key=raccoon_pick_place
[PREDICT] action=[-0.0005462467196744331, 0.007416832296294161, 0.0015565352164683775, 0.0, 0.0, 0.0, 0.0]
[PREDICT] instruction=grasp the blue cylinder
[PREDICT] unnorm_key=raccoon_pick_place
[PREDICT] action=[-0.0004563574853407859, 0.011134109067554843, -0.001040667194014808, 0.0, 0.0, 0.0, 0.0]
[PREDICT] instruction=grasp the blue cylinder
[PREDICT] unnorm_key=raccoon_pick_place
[PREDICT] action=[-0.0004563574853407859, 0.011134109067554843, -0.0016178232852332962, 0.0, 0.0, 0.0, 0.0]
[PREDICT] instruction=grasp the blue cylinder
[PREDICT] unnorm_key=raccoon_pick_place
[PREDICT] action=[-0.0004563574853407859, 0.002525678649898528, -0.01450764265577948, 0.0, 0.0, 0.0, 0.0]
[PREDICT] instruction=grasp the blue cylinder
[PREDICT] unnorm_key=raccoon_pick_place
[PREDICT] action=[-0.0006361359540080786, 0.007416832296294161, 0.0015565352164683775, 0.0, 0.0, 0.0, 0.0]
[PREDICT] instruction=grasp the blue cylinder
[PREDICT] unnorm_key=raccoon_pick_place
[PREDICT] action=[-0.0006361359540080786, 0.007416832296294161, 0.0015565352164683775, 0.0, 0.0, 0.0, 0.0]
[PREDICT] instruction=grasp the blue cylinder
[PREDICT] unnorm_key=raccoon_pick_place
[PREDICT] action=[-0.0006361359540080786, 0.007416832296294161, 0.0015565352164683775, 0.0, 0.0, 0.0, 0.0]
[PREDICT] instruction=grasp the blue cylinder
[PREDICT] unnorm_key=raccoon_pick_place
[PREDICT] action=[-0.0006361359540080786, 0.007416832296294161, 0.0015565352164683775, 0.0, 0.0, 0.0, 0.0]
[PREDICT] instruction=grasp the blue cylinder
[PREDICT] unnorm_key=raccoon_pick_place
[PREDICT] action=[-0.0004563574853407859, 0.002525678649898528, -0.01450764265577948, 0.0, 0.0, 0.0, 0.0]
[PREDICT] instruction=grasp the blue cylinder
[PREDICT] unnorm_key=raccoon_pick_place
[PREDICT] action=[-0.0006361359540080786, 0.007416832296294161, 0.0015565352164683775, 0.0, 0.0, 0.0, 0.0]
[PREDICT] instruction=grasp the blue cylinder
[PREDICT] unnorm_key=raccoon_pick_place
[PREDICT] action=[-0.0006361359540080786, 0.007416832296294161, 0.0015565352164683775, 0.0, 0.0, 0.0, 0.0]
[PREDICT] instruction=grasp the blue cylinder
[PREDICT] unnorm_key=raccoon_pick_place
[PREDICT] action=[-0.0005462467196744331, 0.002525678649898528, -0.01450764265577948, 0.0, 0.0, 0.0, 0.0]
[PREDICT] instruction=grasp the blue cylinder
[PREDICT] unnorm_key=raccoon_pick_place
[PREDICT] action=[-0.0005462467196744331, 0.002525678649898528, -0.01450764265577948, 0.0, 0.0, 0.0, 0.0]
[PREDICT] instruction=grasp the blue cylinder
[PREDICT] unnorm_key=raccoon_pick_place
[PREDICT] action=[-6.911313672555014e-06, -1.7721246227202312e-05, 1.7452306552414795e-05, 0.0, 0.0, 0.0, 0.0]
[PREDICT] instruction=grasp the blue cylinder
[PREDICT] unnorm_key=raccoon_pick_place
[PREDICT] action=[-6.911313672555014e-06, -1.7721246227202312e-05, 1.7452306552414795e-05, 0.0, 0.0, 0.0, 0.0]
[PREDICT] instruction=grasp the blue cylinder
[PREDICT] unnorm_key=raccoon_pick_place
[PREDICT] action=[-6.911313672555014e-06, -1.7721246227202312e-05, 1.7452306552414795e-05, 0.0, 0.0, 0.0, 0.0]
[PREDICT] instruction=grasp the blue cylinder
[PREDICT] unnorm_key=raccoon_pick_place
[PREDICT] action=[-6.911313672555014e-06, -1.7721246227202312e-05, 1.7452306552414795e-05, 0.0, 0.0, 0.0, 0.0]
[PREDICT] instruction=grasp the blue cylinder
[PREDICT] unnorm_key=raccoon_pick_place
[PREDICT] action=[-9.68005480062005e-05, -0.0007024827567225907, -0.011910440245296293, 0.0, 0.0, 0.0, 0.0]
[PREDICT] instruction=grasp the blue cylinder
[PREDICT] unnorm_key=raccoon_pick_place
[PREDICT] action=[-9.68005480062005e-05, -0.0007024827567225907, -0.011910440245296293, 0.0, 0.0, 0.0, 0.0]
[PREDICT] instruction=grasp the blue cylinder
[PREDICT] unnorm_key=raccoon_pick_place
[PREDICT] action=[-6.911313672555014e-06, -1.7721246227202312e-05, 1.7452306552414795e-05, 0.0, 0.0, 0.0, 0.0]
[PREDICT] instruction=grasp the blue cylinder
[PREDICT] unnorm_key=raccoon_pick_place
[PREDICT] action=[-6.911313672555014e-06, -1.7721246227202312e-05, 1.7452306552414795e-05, 0.0, 0.0, 0.0, 0.0]
[PREDICT] instruction=grasp the blue cylinder
[PREDICT] unnorm_key=raccoon_pick_place
[PREDICT] action=[-6.911313672555014e-06, -1.7721246227202312e-05, 1.7452306552414795e-05, 0.0, 0.0, 0.0, 0.0]
[PREDICT] instruction=grasp the blue cylinder
[PREDICT] unnorm_key=raccoon_pick_place
[PREDICT] action=[-6.911313672555014e-06, -1.7721246227202312e-05, 1.7452306552414795e-05, 0.0, 0.0, 0.0, 0.0]
[PREDICT] instruction=grasp the blue cylinder
[PREDICT] unnorm_key=raccoon_pick_place
[PREDICT] action=[-0.0004563574853407859, 0.0021832978946508333, 0.00040222303403140633, 0.0, 0.0, 0.0, 0.0]
[PREDICT] instruction=grasp the blue cylinder
[PREDICT] unnorm_key=raccoon_pick_place
[PREDICT] action=[-6.911313672555014e-06, -1.7721246227202312e-05, 1.7452306552414795e-05, 0.0, 0.0, 0.0, 0.0]
[PREDICT] instruction=grasp the blue cylinder
[PREDICT] unnorm_key=raccoon_pick_place
[PREDICT] action=[-6.911313672555014e-06, -1.7721246227202312e-05, 1.7452306552414795e-05, 0.0, 0.0, 0.0, 0.0]
[PREDICT] instruction=grasp the blue cylinder
[PREDICT] unnorm_key=raccoon_pick_place
[PREDICT] action=[-6.911313672555014e-06, -1.7721246227202312e-05, 1.7452306552414795e-05, 0.0, 0.0, 0.0, 0.0]
[PREDICT] instruction=grasp the blue cylinder
[PREDICT] unnorm_key=raccoon_pick_place
[PREDICT] action=[-6.911313672555014e-06, -1.7721246227202312e-05, 1.7452306552414795e-05, 0.0, 0.0, 0.0, 0.0]
[PREDICT] instruction=grasp the blue cylinder
[PREDICT] unnorm_key=raccoon_pick_place
[PREDICT] action=[-6.911313672555014e-06, -1.7721246227202312e-05, 1.7452306552414795e-05, 0.0, 0.0, 0.0, 0.0]
[PREDICT] instruction=grasp the blue cylinder
[PREDICT] unnorm_key=raccoon_pick_place
[PREDICT] action=[-6.911313672555014e-06, -1.7721246227202312e-05, 1.7452306552414795e-05, 0.0, 0.0, 0.0, 0.0]
[PREDICT] instruction=grasp the blue cylinder
[PREDICT] unnorm_key=raccoon_pick_place
[PREDICT] action=[-6.911313672555014e-06, -1.7721246227202312e-05, 1.7452306552414795e-05, 0.0, 0.0, 0.0, 0.0]
[PREDICT] instruction=grasp the blue cylinder
[PREDICT] unnorm_key=raccoon_pick_place
[PREDICT] action=[-6.911313672555014e-06, -1.7721246227202312e-05, 1.7452306552414795e-05, 0.0, 0.0, 0.0, 0.0]
[PREDICT] instruction=grasp the blue cylinder
[PREDICT] unnorm_key=raccoon_pick_place
[PREDICT] action=[-6.911313672555014e-06, -1.7721246227202312e-05, 1.7452306552414795e-05, 0.0, 0.0, 0.0, 0.0]
[PREDICT] instruction=grasp the blue cylinder
[PREDICT] unnorm_key=raccoon_pick_place
[PREDICT] action=[-6.911313672555014e-06, -1.7721246227202312e-05, 1.7452306552414795e-05, 0.0, 0.0, 0.0, 0.0]
[PREDICT] instruction=grasp the blue cylinder
[PREDICT] unnorm_key=raccoon_pick_place
[PREDICT] action=[-6.911313672555014e-06, -1.7721246227202312e-05, 1.7452306552414795e-05, 0.0, 0.0, 0.0, 0.0]
[PREDICT] instruction=grasp the blue cylinder
[PREDICT] unnorm_key=raccoon_pick_place
[PREDICT] action=[-6.911313672555014e-06, -1.7721246227202312e-05, 1.7452306552414795e-05, 0.0, 0.0, 0.0, 0.0]
[PREDICT] instruction=grasp the blue cylinder
[PREDICT] unnorm_key=raccoon_pick_place
[PREDICT] action=[-6.911313672555014e-06, -1.7721246227202312e-05, 1.7452306552414795e-05, 0.0, 0.0, 0.0, 0.0]
[PREDICT] instruction=grasp the blue cylinder
[PREDICT] unnorm_key=raccoon_pick_place
[PREDICT] action=[-0.0005462467196744331, 0.001449624847691488, 1.7452306552414795e-05, 0.0, 0.0, 0.0, 0.0]
[PREDICT] instruction=grasp the blue cylinder
[PREDICT] unnorm_key=raccoon_pick_place
[PREDICT] action=[-6.911313672555014e-06, -1.7721246227202312e-05, 1.7452306552414795e-05, 0.0, 0.0, 0.0, 0.0]
[PREDICT] instruction=grasp the blue cylinder
[PREDICT] unnorm_key=raccoon_pick_place
[PREDICT] action=[-6.911313672555014e-06, -1.7721246227202312e-05, 1.7452306552414795e-05, 0.0, 0.0, 0.0, 0.0]
[PREDICT] instruction=grasp the blue cylinder
[PREDICT] unnorm_key=raccoon_pick_place
[PREDICT] action=[-6.911313672555014e-06, -1.7721246227202312e-05, 1.7452306552414795e-05, 0.0, 0.0, 0.0, 0.0]
[PREDICT] instruction=grasp the blue cylinder
[PREDICT] unnorm_key=raccoon_pick_place
[PREDICT] action=[-6.911313672555014e-06, -1.7721246227202312e-05, 1.7452306552414795e-05, 0.0, 0.0, 0.0, 0.0]
[PREDICT] instruction=grasp the blue cylinder
[PREDICT] unnorm_key=raccoon_pick_place
[PREDICT] action=[-6.911313672555014e-06, -1.7721246227202312e-05, 1.7452306552414795e-05, 0.0, 0.0, 0.0, 0.0]
[PREDICT] instruction=grasp the blue cylinder
[PREDICT] unnorm_key=raccoon_pick_place
[PREDICT] action=[-6.911313672555014e-06, -1.7721246227202312e-05, 1.7452306552414795e-05, 0.0, 0.0, 0.0, 0.0]
[PREDICT] instruction=grasp the blue cylinder
[PREDICT] unnorm_key=raccoon_pick_place
[PREDICT] action=[-0.0005462467196744331, 0.001449624847691488, 0.00020983767029190796, 0.0, 0.0, 0.0, 0.0]
[PREDICT] instruction=grasp the blue cylinder
[PREDICT] unnorm_key=raccoon_pick_place
[PREDICT] action=[-0.0005462467196744331, 0.002819147868682265, 1.7452306552414795e-05, 0.0, 0.0, 0.0, 0.0]
[PREDICT] instruction=grasp the blue cylinder
[PREDICT] unnorm_key=raccoon_pick_place
[PREDICT] action=[-6.911313672555014e-06, -1.7721246227202312e-05, 1.7452306552414795e-05, 0.0, 0.0, 0.0, 0.996078431372549]
[PREDICT] instruction=grasp the blue cylinder
[PREDICT] unnorm_key=raccoon_pick_place
[PREDICT] action=[-6.911313672555014e-06, -1.7721246227202312e-05, 1.7452306552414795e-05, 0.0, 0.0, 0.0, 0.996078431372549]
[PREDICT] instruction=grasp the blue cylinder
[PREDICT] unnorm_key=raccoon_pick_place
[PREDICT] action=[-6.911313672555014e-06, -1.7721246227202312e-05, 1.7452306552414795e-05, 0.0, 0.0, 0.0, 0.996078431372549]
[PREDICT] instruction=grasp the red cylinder
[PREDICT] unnorm_key=raccoon_pick_place
[PREDICT] action=[-0.0055800438423586176, 0.0021832978946508333, -0.001040667194014808, 0.0, 0.0, 0.0, 0.0]
[PREDICT] instruction=grasp the red cylinder
[PREDICT] unnorm_key=raccoon_pick_place
[PREDICT] action=[-0.0014451390630108932, 0.011134109067554843, -0.0016178232852332962, 0.0, 0.0, 0.0, 0.0]
[PREDICT] instruction=grasp the red cylinder
[PREDICT] unnorm_key=raccoon_pick_place
[PREDICT] action=[-0.0014451390630108932, 0.011134109067554843, -0.0016178232852332962, 0.0, 0.0, 0.0, 0.0]
[PREDICT] instruction=grasp the red cylinder
[PREDICT] unnorm_key=raccoon_pick_place
[PREDICT] action=[-0.0014451390630108932, 0.011134109067554843, -0.0016178232852332962, 0.0, 0.0, 0.0, 0.0]
[PREDICT] instruction=grasp the red cylinder
[PREDICT] unnorm_key=raccoon_pick_place
[PREDICT] action=[-0.0014451390630108932, 0.011134109067554843, -0.0016178232852332962, 0.0, 0.0, 0.0, 0.0]
[PREDICT] instruction=grasp the red cylinder
[PREDICT] unnorm_key=raccoon_pick_place
[PREDICT] action=[-0.0014451390630108932, 0.011134109067554843, -0.0016178232852332962, 0.0, 0.0, 0.0, 0.0]
[PREDICT] instruction=grasp the red cylinder
[PREDICT] unnorm_key=raccoon_pick_place
[PREDICT] action=[-0.0005462467196744331, 0.007416832296294161, 0.0015565352164683775, 0.0, 0.0, 0.0, 0.0]
[PREDICT] instruction=grasp the red cylinder
[PREDICT] unnorm_key=raccoon_pick_place
[PREDICT] action=[-0.0004563574853407859, 0.011134109067554843, -0.001040667194014808, 0.0, 0.0, 0.0, 0.0]
[PREDICT] instruction=grasp the red cylinder
[PREDICT] unnorm_key=raccoon_pick_place
[PREDICT] action=[-0.0014451390630108932, 0.011134109067554843, -0.001040667194014808, 0.0, 0.0, 0.0, 0.0]
[PREDICT] instruction=grasp the red cylinder
[PREDICT] unnorm_key=raccoon_pick_place
[PREDICT] action=[-0.0006361359540080786, 0.007416832296294161, 0.0015565352164683775, 0.0, 0.0, 0.0, 0.0]
[PREDICT] instruction=grasp the red cylinder
[PREDICT] unnorm_key=raccoon_pick_place
[PREDICT] action=[-0.0006361359540080786, 0.007416832296294161, 0.0015565352164683775, 0.0, 0.0, 0.0, 0.0]
[PREDICT] instruction=grasp the red cylinder
[PREDICT] unnorm_key=raccoon_pick_place
[PREDICT] action=[-0.0005462467196744331, 0.002036563285258964, -0.01450764265577948, 0.0, 0.0, 0.0, 0.0]
[PREDICT] instruction=grasp the red cylinder
[PREDICT] unnorm_key=raccoon_pick_place
[PREDICT] action=[-0.0005462467196744331, 0.001449624847691488, -0.01450764265577948, 0.0, 0.0, 0.0, 0.0]
[PREDICT] instruction=grasp the red cylinder
[PREDICT] unnorm_key=raccoon_pick_place
[PREDICT] action=[-0.0005462467196744331, 0.001449624847691488, -0.01450764265577948, 0.0, 0.0, 0.0, 0.0]
[PREDICT] instruction=grasp the red cylinder
[PREDICT] unnorm_key=raccoon_pick_place
[PREDICT] action=[-9.68005480062005e-05, -0.0007024827567225907, -0.011910440245296293, 0.0, 0.0, 0.0, 0.0]
[PREDICT] instruction=grasp the red cylinder
[PREDICT] unnorm_key=raccoon_pick_place
[PREDICT] action=[-9.68005480062005e-05, -0.0007024827567225907, -0.011910440245296293, 0.0, 0.0, 0.0, 0.0]
[PREDICT] instruction=grasp the red cylinder
[PREDICT] unnorm_key=raccoon_pick_place
[PREDICT] action=[-9.68005480062005e-05, -0.0012894211942900667, -0.00883227442546437, 0.0, 0.0, 0.0, 0.0]
[PREDICT] instruction=grasp the red cylinder
[PREDICT] unnorm_key=raccoon_pick_place
[PREDICT] action=[0.0003526456236620304, -0.0012894211942900667, -0.006619842742460174, 0.0, 0.0, 0.0, 0.0]
[PREDICT] instruction=grasp the red cylinder
[PREDICT] unnorm_key=raccoon_pick_place
[PREDICT] action=[0.0003526456236620304, -0.0012894211942900667, -0.006619842742460174, 0.0, 0.0, 0.0, 0.0]
[PREDICT] instruction=grasp the red cylinder
[PREDICT] unnorm_key=raccoon_pick_place
[PREDICT] action=[0.0003526456236620304, -0.0012894211942900667, -0.006619842742460174, 0.0, 0.0, 0.0, 0.0]
[PREDICT] instruction=grasp the blue cylinder
[PREDICT] unnorm_key=raccoon_pick_place
[PREDICT] action=[-0.0055800438423586176, 0.0021832978946508333, -0.001040667194014808, 0.0, 0.0, 0.0, 0.0]
[PREDICT] instruction=grasp the blue cylinder
[PREDICT] unnorm_key=raccoon_pick_place
[PREDICT] action=[-0.0055800438423586176, 0.0021832978946508333, -0.001040667194014808, 0.0, 0.0, 0.0, 0.0]
[PREDICT] instruction=grasp the blue cylinder
[PREDICT] unnorm_key=raccoon_pick_place
[PREDICT] action=[-0.0055800438423586176, 0.0021832978946508333, -0.001040667194014808, 0.0, 0.0, 0.0, 0.0]
[PREDICT] instruction=grasp the blue cylinder
[PREDICT] unnorm_key=raccoon_pick_place
[PREDICT] action=[-0.0014451390630108932, 0.011134109067554843, -0.0016178232852332962, 0.0, 0.0, 0.0, 0.0]
[PREDICT] instruction=grasp the blue cylinder
[PREDICT] unnorm_key=raccoon_pick_place
[PREDICT] action=[-0.012141957948714787, 0.005704928520055689, 0.0010755718071196376, 0.0, 0.0, 0.0, 0.0]
[PREDICT] instruction=grasp the blue cylinder
[PREDICT] unnorm_key=raccoon_pick_place
[PREDICT] action=[-0.0006361359540080786, 0.007416832296294161, 0.0015565352164683775, 0.0, 0.0, 0.0, 0.0]
[PREDICT] instruction=grasp the blue cylinder
[PREDICT] unnorm_key=raccoon_pick_place
[PREDICT] action=[-0.0014451390630108932, 0.011134109067554843, -0.001040667194014808, 0.0, 0.0, 0.0, 0.0]
[PREDICT] instruction=grasp the blue cylinder
[PREDICT] unnorm_key=raccoon_pick_place
[PREDICT] action=[-0.0005462467196744331, 0.011134109067554843, -0.0037340622863677436, 0.0, 0.0, 0.0, 0.0]
[PREDICT] instruction=grasp the blue cylinder
[PREDICT] unnorm_key=raccoon_pick_place
[PREDICT] action=[-0.012141957948714787, 0.005704928520055689, 0.0010755718071196376, 0.0, 0.0, 0.0, 0.0]
[PREDICT] instruction=grasp the blue cylinder
[PREDICT] unnorm_key=raccoon_pick_place
[PREDICT] action=[-0.0005462467196744331, 0.002036563285258964, 0.00040222303403140633, 0.0, 0.0, 0.0, 0.0]
[PREDICT] instruction=grasp the blue cylinder
[PREDICT] unnorm_key=raccoon_pick_place
[PREDICT] action=[-0.0005462467196744331, 0.0018409171394031386, 0.00040222303403140633, 0.0, 0.0, 0.0, 0.0]
[PREDICT] instruction=grasp the blue cylinder
[PREDICT] unnorm_key=raccoon_pick_place
[PREDICT] action=[-0.012141957948714787, 0.005900574665911514, 0.0010755718071196376, 0.0, 0.0, 0.0, 0.0]
[PREDICT] instruction=grasp the blue cylinder
[PREDICT] unnorm_key=raccoon_pick_place
[PREDICT] action=[-6.911313672555014e-06, -1.7721246227202312e-05, -0.01450764265577948, 0.0, 0.0, 0.0, 0.0]
[PREDICT] instruction=grasp the blue cylinder
[PREDICT] unnorm_key=raccoon_pick_place
[PREDICT] action=[-0.0005462467196744331, 0.001449624847691488, -0.01450764265577948, 0.0, 0.0, 0.0, 0.0]
[PREDICT] instruction=grasp the blue cylinder
[PREDICT] unnorm_key=raccoon_pick_place
[PREDICT] action=[-0.0005462467196744331, 0.0018409171394031386, 0.00040222303403140633, 0.0, 0.0, 0.0, 0.0]
[PREDICT] instruction=grasp the blue cylinder
[PREDICT] unnorm_key=raccoon_pick_place
[PREDICT] action=[-6.911313672555014e-06, -1.7721246227202312e-05, 1.7452306552414795e-05, 0.0, 0.0, 0.0, 0.0]
[PREDICT] instruction=grasp the blue cylinder
[PREDICT] unnorm_key=raccoon_pick_place
[PREDICT] action=[-6.911313672555014e-06, -1.7721246227202312e-05, 1.7452306552414795e-05, 0.0, 0.0, 0.0, 0.0]
[PREDICT] instruction=grasp the blue cylinder
[PREDICT] unnorm_key=raccoon_pick_place
[PREDICT] action=[-6.911313672555014e-06, -1.7721246227202312e-05, 1.7452306552414795e-05, 0.0, 0.0, 0.0, 0.0]
[PREDICT] instruction=grasp the blue cylinder
[PREDICT] unnorm_key=raccoon_pick_place
[PREDICT] action=[-6.911313672555014e-06, -1.7721246227202312e-05, 1.7452306552414795e-05, 0.0, 0.0, 0.0, 0.0]
[PREDICT] instruction=grasp the blue cylinder
[PREDICT] unnorm_key=raccoon_pick_place
[PREDICT] action=[-6.911313672555014e-06, -1.7721246227202312e-05, 1.7452306552414795e-05, 0.0, 0.0, 0.0, 0.0]
[PREDICT] instruction=grasp the red cylinder
[PREDICT] unnorm_key=raccoon_pick_place
[PREDICT] action=[-0.0014451390630108932, 0.011134109067554843, -0.0016178232852332962, 0.0, 0.0, 0.0, 0.0]
[PREDICT] instruction=grasp the red cylinder
[PREDICT] unnorm_key=raccoon_pick_place
[PREDICT] action=[-0.0055800438423586176, 0.0021832978946508333, -0.001040667194014808, 0.0, 0.0, 0.0, 0.0]
[PREDICT] instruction=grasp the red cylinder
[PREDICT] unnorm_key=raccoon_pick_place
[PREDICT] action=[-0.0004563574853407859, 0.011134109067554843, -0.002291172058321529, 0.0, 0.0, 0.0, 0.0]
[PREDICT] instruction=grasp the red cylinder
[PREDICT] unnorm_key=raccoon_pick_place
[PREDICT] action=[0.0004425348579956776, 0.002770236332218309, 0.0005946083977709012, 0.0, 0.0, 0.0, 0.0]
[PREDICT] instruction=grasp the red cylinder
[PREDICT] unnorm_key=raccoon_pick_place
[PREDICT] action=[0.0004425348579956776, 0.002770236332218309, 0.0005946083977709012, 0.0, 0.0, 0.0, 0.0]
[PREDICT] instruction=grasp the red cylinder
[PREDICT] unnorm_key=raccoon_pick_place
[PREDICT] action=[0.0003526456236620304, 0.002036563285258964, 0.00040222303403140633, 0.0, 0.0, 0.0, 0.0]
[PREDICT] instruction=grasp the red cylinder
[PREDICT] unnorm_key=raccoon_pick_place
[PREDICT] action=[0.0003526456236620304, 0.002036563285258964, 0.00040222303403140633, 0.0, 0.0, 0.0, 0.0]
[PREDICT] instruction=grasp the red cylinder
[PREDICT] unnorm_key=raccoon_pick_place
[PREDICT] action=[0.0003526456236620304, 0.001449624847691488, -0.01450764265577948, 0.0, 0.0, 0.0, 0.0]
[PREDICT] instruction=grasp the red cylinder
[PREDICT] unnorm_key=raccoon_pick_place
[PREDICT] action=[0.0003526456236620304, 0.001449624847691488, -0.01450764265577948, 0.0, 0.0, 0.0, 0.0]
[PREDICT] instruction=grasp the red cylinder
[PREDICT] unnorm_key=raccoon_pick_place
[PREDICT] action=[0.0003526456236620304, 0.001449624847691488, -0.01450764265577948, 0.0, 0.0, 0.0, 0.0]
[PREDICT] instruction=grasp the red cylinder
[PREDICT] unnorm_key=raccoon_pick_place
[PREDICT] action=[0.0003526456236620304, 0.001449624847691488, -0.01450764265577948, 0.0, 0.0, 0.0, 0.0]
[PREDICT] instruction=grasp the red cylinder
[PREDICT] unnorm_key=raccoon_pick_place
[PREDICT] action=[0.0003526456236620304, 0.001449624847691488, -0.01450764265577948, 0.0, 0.0, 0.0, 0.0]
[PREDICT] instruction=grasp the red cylinder
[PREDICT] unnorm_key=raccoon_pick_place
[PREDICT] action=[0.0003526456236620304, 0.001449624847691488, 0.008482408311090208, 0.0, 0.0, 0.0, 0.0]
[PREDICT] instruction=grasp the red cylinder
[PREDICT] unnorm_key=raccoon_pick_place
[PREDICT] action=[0.0003526456236620304, 0.001449624847691488, 0.0003060303521616563, 0.0, 0.0, 0.0, 0.0]
[PREDICT] instruction=grasp the red cylinder
[PREDICT] unnorm_key=raccoon_pick_place
[PREDICT] action=[-9.68005480062005e-05, -0.00040901353793885303, -0.0016178232852332962, 0.0, 0.0, 0.0, 0.996078431372549]
[PREDICT] instruction=grasp the red cylinder
[PREDICT] unnorm_key=raccoon_pick_place
[PREDICT] action=[-6.911313672555014e-06, -1.7721246227202312e-05, 1.7452306552414795e-05, 0.0, 0.0, 0.0, 0.996078431372549]
[PREDICT] instruction=grasp the red cylinder
[PREDICT] unnorm_key=raccoon_pick_place
[PREDICT] action=[-6.911313672555014e-06, -1.7721246227202312e-05, 1.7452306552414795e-05, 0.0, 0.0, 0.0, 0.996078431372549]
[PREDICT] instruction=grasp the red cylinder
[PREDICT] unnorm_key=raccoon_pick_place
[PREDICT] action=[-6.911313672555014e-06, -1.7721246227202312e-05, 1.7452306552414795e-05, 0.0, 0.0, 0.0, 0.996078431372549]
[PREDICT] instruction=grasp the red cylinder
[PREDICT] unnorm_key=raccoon_pick_place
[PREDICT] action=[-6.911313672555014e-06, -1.7721246227202312e-05, 1.7452306552414795e-05, 0.0, 0.0, 0.0, 0.996078431372549]
[PREDICT] instruction=grasp the red cylinder
[PREDICT] unnorm_key=raccoon_pick_place
[PREDICT] action=[-6.911313672555014e-06, -1.7721246227202312e-05, 1.7452306552414795e-05, 0.0, 0.0, 0.0, 0.996078431372549]
[PREDICT] instruction=grasp the red cylinder
[PREDICT] unnorm_key=raccoon_pick_place
[PREDICT] action=[-6.911313672555014e-06, -1.7721246227202312e-05, 1.7452306552414795e-05, 0.0, 0.0, 0.0, 0.996078431372549]
[PREDICT] instruction=grasp the red cylinder
[PREDICT] unnorm_key=raccoon_pick_place
[PREDICT] action=[-6.911313672555014e-06, -1.7721246227202312e-05, 1.7452306552414795e-05, 0.0, 0.0, 0.0, 0.996078431372549]
[PREDICT] instruction=grasp the red cylinder
[PREDICT] unnorm_key=raccoon_pick_place
[PREDICT] action=[-9.68005480062005e-05, -0.00040901353793885303, -0.002387364740191276, 0.0, 0.0, 0.0, 0.996078431372549]
[PREDICT] instruction=grasp the red cylinder
[PREDICT] unnorm_key=raccoon_pick_place
[PREDICT] action=[-9.68005480062005e-05, -0.00040901353793885303, -0.002387364740191276, 0.0, 0.0, 0.0, 0.996078431372549]
[PREDICT] instruction=grasp the red cylinder
[PREDICT] unnorm_key=raccoon_pick_place
[PREDICT] action=[-9.68005480062005e-05, -0.00040901353793885303, -0.002387364740191276, 0.0, 0.0, 0.0, 0.996078431372549]
[PREDICT] instruction=grasp the blue cylinder
[PREDICT] unnorm_key=raccoon_pick_place
[PREDICT] action=[-0.0055800438423586176, 0.0021832978946508333, -0.001040667194014808, 0.0, 0.0, 0.0, 0.0]
[PREDICT] instruction=grasp the blue cylinder
[PREDICT] unnorm_key=raccoon_pick_place
[PREDICT] action=[-0.0009058036570090151, 0.011134109067554843, -0.0035416769226282504, 0.0, 0.0, 0.0, 0.0]
[PREDICT] instruction=grasp the blue cylinder
[PREDICT] unnorm_key=raccoon_pick_place
[PREDICT] action=[0.005026885809011632, 0.002868059405146222, -0.0005597037846660716, 0.0, 0.0, 0.0, 0.0]
[PREDICT] instruction=grasp the blue cylinder
[PREDICT] unnorm_key=raccoon_pick_place
[PREDICT] action=[0.0004425348579956776, 0.002770236332218309, 0.0005946083977709012, 0.0, 0.0, 0.0, 0.0]
[PREDICT] instruction=grasp the blue cylinder
[PREDICT] unnorm_key=raccoon_pick_place
[PREDICT] action=[0.0004425348579956776, 0.002770236332218309, 0.0005946083977709012, 0.0, 0.0, 0.0, 0.0]
[PREDICT] instruction=grasp the blue cylinder
[PREDICT] unnorm_key=raccoon_pick_place
[PREDICT] action=[0.0001728671549947377, 0.0011072440924437936, -0.01450764265577948, 0.0, 0.0, 0.0, 0.0]
[PREDICT] instruction=grasp the blue cylinder
[PREDICT] unnorm_key=raccoon_pick_place
[PREDICT] action=[-6.911313672555014e-06, -1.7721246227202312e-05, 1.7452306552414795e-05, 0.0, 0.0, 0.0, 0.0]
[PREDICT] instruction=grasp the blue cylinder
[PREDICT] unnorm_key=raccoon_pick_place
[PREDICT] action=[-0.00018668978233984598, -0.0005557481473307214, -0.0030607135132795105, 0.0, 0.0, 0.0, 0.0]
[PREDICT] instruction=grasp the blue cylinder
[PREDICT] unnorm_key=raccoon_pick_place
[PREDICT] action=[0.0001728671549947377, 0.0011072440924437936, -0.01450764265577948, 0.0, 0.0, 0.0, 0.0]
[PREDICT] instruction=grasp the blue cylinder
[PREDICT] unnorm_key=raccoon_pick_place
[PREDICT] action=[0.0003526456236620304, 0.001449624847691488, -0.01450764265577948, 0.0, 0.0, 0.0, 0.0]
[PREDICT] instruction=grasp the blue cylinder
[PREDICT] unnorm_key=raccoon_pick_place
[PREDICT] action=[0.0003526456236620304, 0.001449624847691488, -0.01450764265577948, 0.0, 0.0, 0.0, 0.0]
[PREDICT] instruction=grasp the blue cylinder
[PREDICT] unnorm_key=raccoon_pick_place
[PREDICT] action=[0.0003526456236620304, 0.001449624847691488, -0.01450764265577948, 0.0, 0.0, 0.0, 0.0]
[PREDICT] instruction=grasp the blue cylinder
[PREDICT] unnorm_key=raccoon_pick_place
[PREDICT] action=[0.0003526456236620304, 0.0006181287278042306, -0.009409430516682854, 0.0, 0.0, 0.0, 0.0]
[PREDICT] instruction=grasp the blue cylinder
[PREDICT] unnorm_key=raccoon_pick_place
[PREDICT] action=[0.0003526456236620304, 0.001253978701835663, -0.01450764265577948, 0.0, 0.0, 0.0, 0.0]
[PREDICT] instruction=grasp the blue cylinder
[PREDICT] unnorm_key=raccoon_pick_place
[PREDICT] action=[-0.00018668978233984598, -0.0005557481473307214, -0.0030607135132795105, 0.0, 0.0, 0.0, 0.0]
[PREDICT] instruction=grasp the blue cylinder
[PREDICT] unnorm_key=raccoon_pick_place
[PREDICT] action=[-0.00018668978233984598, -0.00040901353793885303, -0.0016178232852332962, 0.0, 0.0, 0.0, 0.996078431372549]
[PREDICT] instruction=grasp the blue cylinder
[PREDICT] unnorm_key=raccoon_pick_place
[PREDICT] action=[-9.68005480062005e-05, -0.00040901353793885303, -0.0016178232852332962, 0.0, 0.0, 0.0, 0.996078431372549]
[PREDICT] instruction=grasp the blue cylinder
[PREDICT] unnorm_key=raccoon_pick_place
[PREDICT] action=[0.0004425348579956776, 0.002036563285258964, 0.00040222303403140633, 0.0, 0.0, 0.0, 0.0]
[PREDICT] instruction=grasp the blue cylinder
[PREDICT] unnorm_key=raccoon_pick_place
[PREDICT] action=[0.0004425348579956776, 0.0010583325559798374, 0.0038651595813423197, 0.0, 0.0, 0.0, 0.0]
[PREDICT] instruction=grasp the blue cylinder
[PREDICT] unnorm_key=raccoon_pick_place
[PREDICT] action=[-9.68005480062005e-05, -0.00040901353793885303, -0.0016178232852332962, 0.0, 0.0, 0.0, 0.996078431372549]
[PREDICT] instruction=grasp the blue cylinder
[PREDICT] unnorm_key=raccoon_pick_place
[PREDICT] action=[-6.911313672555014e-06, -1.7721246227202312e-05, 1.7452306552414795e-05, 0.0, 0.0, 0.0, 0.996078431372549]
[PREDICT] instruction=grasp the blue cylinder
[PREDICT] unnorm_key=raccoon_pick_place
[PREDICT] action=[-6.911313672555014e-06, -1.7721246227202312e-05, 1.7452306552414795e-05, 0.0, 0.0, 0.0, 0.996078431372549]
[PREDICT] instruction=grasp the blue cylinder
[PREDICT] unnorm_key=raccoon_pick_place
[PREDICT] action=[-6.911313672555014e-06, -1.7721246227202312e-05, 1.7452306552414795e-05, 0.0, 0.0, 0.0, 0.996078431372549]
[PREDICT] instruction=grasp the blue cylinder
[PREDICT] unnorm_key=raccoon_pick_place
[PREDICT] action=[-9.68005480062005e-05, -0.00040901353793885303, -0.0016178232852332962, 0.0, 0.0, 0.0, 0.996078431372549]
[PREDICT] instruction=grasp the blue cylinder
[PREDICT] unnorm_key=raccoon_pick_place
[PREDICT] action=[-6.911313672555014e-06, -1.7721246227202312e-05, 1.7452306552414795e-05, 0.0, 0.0, 0.0, 0.996078431372549]
[PREDICT] instruction=grasp the blue cylinder
[PREDICT] unnorm_key=raccoon_pick_place
[PREDICT] action=[-6.911313672555014e-06, -1.7721246227202312e-05, 1.7452306552414795e-05, 0.0, 0.0, 0.0, 0.996078431372549]
[PREDICT] instruction=grasp the blue cylinder
[PREDICT] unnorm_key=raccoon_pick_place
[PREDICT] action=[-6.911313672555014e-06, -1.7721246227202312e-05, 1.7452306552414795e-05, 0.0, 0.0, 0.0, 0.996078431372549]
[PREDICT] instruction=grasp the blue cylinder
[PREDICT] unnorm_key=raccoon_pick_place
[PREDICT] action=[-0.00018668978233984598, -0.00040901353793885303, -0.0016178232852332962, 0.0, 0.0, 0.0, 0.996078431372549]
[PREDICT] instruction=grasp the red cylinder
[PREDICT] unnorm_key=raccoon_pick_place
[PREDICT] action=[-0.00018668978233984598, 0.005117990082488213, -0.002291172058321529, 0.0, 0.0, 0.0, 0.0]
[PREDICT] instruction=grasp the red cylinder
[PREDICT] unnorm_key=raccoon_pick_place
[PREDICT] action=[-0.0005462467196744331, 0.004433228571992825, -0.001040667194014808, 0.0, 0.0, 0.0, 0.0]
[PREDICT] instruction=grasp the red cylinder
[PREDICT] unnorm_key=raccoon_pick_place
[PREDICT] action=[-0.0005462467196744331, 0.004482140108456781, -0.0011368598758845563, 0.0, 0.0, 0.0, 0.0]
[PREDICT] instruction=grasp the red cylinder
[PREDICT] unnorm_key=raccoon_pick_place
[PREDICT] action=[-0.00027657901667349494, 0.002525678649898528, -0.01450764265577948, 0.0, 0.0, 0.0, 0.0]
[PREDICT] instruction=grasp the red cylinder
[PREDICT] unnorm_key=raccoon_pick_place
[PREDICT] action=[-6.911313672555014e-06, -1.7721246227202312e-05, 1.7452306552414795e-05, 0.0, 0.0, 0.0, 0.0]
[PREDICT] instruction=grasp the red cylinder
[PREDICT] unnorm_key=raccoon_pick_place
[PREDICT] action=[-6.911313672555014e-06, -1.7721246227202312e-05, 1.7452306552414795e-05, 0.0, 0.0, 0.0, 0.0]
[PREDICT] instruction=grasp the red cylinder
[PREDICT] unnorm_key=raccoon_pick_place
[PREDICT] action=[-6.911313672555014e-06, -1.7721246227202312e-05, 1.7452306552414795e-05, 0.0, 0.0, 0.0, 0.0]
[PREDICT] instruction=grasp the red cylinder
[PREDICT] unnorm_key=raccoon_pick_place
[PREDICT] action=[-6.911313672555014e-06, -1.7721246227202312e-05, 1.7452306552414795e-05, 0.0, 0.0, 0.0, 0.0]
[PREDICT] instruction=grasp the red cylinder
[PREDICT] unnorm_key=raccoon_pick_place
[PREDICT] action=[-6.911313672555014e-06, -1.7721246227202312e-05, 1.7452306552414795e-05, 0.0, 0.0, 0.0, 0.0]
[PREDICT] instruction=grasp the red cylinder
[PREDICT] unnorm_key=raccoon_pick_place
[PREDICT] action=[-6.911313672555014e-06, -1.7721246227202312e-05, 1.7452306552414795e-05, 0.0, 0.0, 0.0, 0.0]
[PREDICT] instruction=grasp the red cylinder
[PREDICT] unnorm_key=raccoon_pick_place
[PREDICT] action=[0.0001728671549947377, 0.0011072440924437936, 0.003768966899472573, 0.0, 0.0, 0.0, 0.0]
[PREDICT] instruction=grasp the red cylinder
[PREDICT] unnorm_key=raccoon_pick_place
[PREDICT] action=[-0.00018668978233984598, -0.0012894211942900667, -0.0035416769226282504, 0.0, 0.0, 0.0, 0.0]
[PREDICT] instruction=grasp the red cylinder
[PREDICT] unnorm_key=raccoon_pick_place
[PREDICT] action=[-6.911313672555014e-06, -1.7721246227202312e-05, 1.7452306552414795e-05, 0.0, 0.0, 0.0, 0.996078431372549]
[PREDICT] instruction=grasp the red cylinder
[PREDICT] unnorm_key=raccoon_pick_place
[PREDICT] action=[0.0002627563893283832, 0.001449624847691488, 1.7452306552414795e-05, 0.0, 0.0, 0.0, 0.0]
[PREDICT] instruction=grasp the red cylinder
[PREDICT] unnorm_key=raccoon_pick_place
[PREDICT] action=[-6.911313672555014e-06, -1.7721246227202312e-05, 1.7452306552414795e-05, 0.0, 0.0, 0.0, 0.996078431372549]
[PREDICT] instruction=grasp the red cylinder
[PREDICT] unnorm_key=raccoon_pick_place
[PREDICT] action=[-6.911313672555014e-06, -1.7721246227202312e-05, 1.7452306552414795e-05, 0.0, 0.0, 0.0, 0.996078431372549]
[PREDICT] instruction=grasp the red cylinder
[PREDICT] unnorm_key=raccoon_pick_place
[PREDICT] action=[-6.911313672555014e-06, -1.7721246227202312e-05, 1.7452306552414795e-05, 0.0, 0.0, 0.0, 0.996078431372549]
[PREDICT] instruction=grasp the red cylinder
[PREDICT] unnorm_key=raccoon_pick_place
[PREDICT] action=[-6.911313672555014e-06, -1.7721246227202312e-05, 1.7452306552414795e-05, 0.0, 0.0, 0.0, 0.996078431372549]
[PREDICT] instruction=grasp the red cylinder
[PREDICT] unnorm_key=raccoon_pick_place
[PREDICT] action=[-6.911313672555014e-06, -1.7721246227202312e-05, 1.7452306552414795e-05, 0.0, 0.0, 0.0, 0.996078431372549]
[PREDICT] instruction=grasp the red cylinder
[PREDICT] unnorm_key=raccoon_pick_place
[PREDICT] action=[-6.911313672555014e-06, -1.7721246227202312e-05, 1.7452306552414795e-05, 0.0, 0.0, 0.0, 0.996078431372549]
[PREDICT] instruction=grasp the red cylinder
[PREDICT] unnorm_key=raccoon_pick_place
[PREDICT] action=[-6.911313672555014e-06, -1.7721246227202312e-05, 1.7452306552414795e-05, 0.0, 0.0, 0.0, 0.996078431372549]
[PREDICT] instruction=grasp the red cylinder
[PREDICT] unnorm_key=raccoon_pick_place
[PREDICT] action=[-6.911313672555014e-06, -1.7721246227202312e-05, 1.7452306552414795e-05, 0.0, 0.0, 0.0, 0.996078431372549]
[PREDICT] instruction=grasp the red cylinder
[PREDICT] unnorm_key=raccoon_pick_place
[PREDICT] action=[-6.911313672555014e-06, -1.7721246227202312e-05, 1.7452306552414795e-05, 0.0, 0.0, 0.0, 0.996078431372549]
[PREDICT] instruction=grasp the blue cylinder
[PREDICT] unnorm_key=raccoon_pick_place
[PREDICT] action=[-0.0005462467196744331, 0.0036506439885695234, -0.001040667194014808, 0.0, 0.0, 0.0, 0.0]
[PREDICT] instruction=grasp the blue cylinder
[PREDICT] unnorm_key=raccoon_pick_place
[PREDICT] action=[-0.0005462467196744331, 0.004482140108456781, 0.0026146547170356003, 0.0, 0.0, 0.0, 0.0]
[PREDICT] instruction=grasp the blue cylinder
[PREDICT] unnorm_key=raccoon_pick_place
[PREDICT] action=[-0.0005462467196744331, 0.004482140108456781, -0.004215025695716482, 0.0, 0.0, 0.0, 0.0]
[PREDICT] instruction=grasp the blue cylinder
[PREDICT] unnorm_key=raccoon_pick_place
[PREDICT] action=[-0.0005462467196744331, 0.004482140108456781, -0.004215025695716482, 0.0, 0.0, 0.0, 0.0]
[PREDICT] instruction=grasp the blue cylinder
[PREDICT] unnorm_key=raccoon_pick_place
[PREDICT] action=[-6.911313672555014e-06, -0.0012894211942900667, -0.004407411059455978, 0.0, 0.0, 0.0, 0.0]
[PREDICT] instruction=grasp the blue cylinder
[PREDICT] unnorm_key=raccoon_pick_place
[PREDICT] action=[-6.911313672555014e-06, -0.0012894211942900667, -0.006716035424329921, 0.0, 0.0, 0.0, 0.0]
[PREDICT] instruction=grasp the blue cylinder
[PREDICT] unnorm_key=raccoon_pick_place
[PREDICT] action=[-6.911313672555014e-06, -0.0012894211942900667, -0.005273145196283706, 0.0, 0.0, 0.0, 0.0]
[PREDICT] instruction=grasp the blue cylinder
[PREDICT] unnorm_key=raccoon_pick_place
[PREDICT] action=[-6.911313672555014e-06, -1.7721246227202312e-05, 1.7452306552414795e-05, 0.0, 0.0, 0.0, 0.0]
[PREDICT] instruction=grasp the blue cylinder
[PREDICT] unnorm_key=raccoon_pick_place
[PREDICT] action=[-6.911313672555014e-06, -1.7721246227202312e-05, 1.7452306552414795e-05, 0.0, 0.0, 0.0, 0.0]
[PREDICT] instruction=grasp the blue cylinder
[PREDICT] unnorm_key=raccoon_pick_place
[PREDICT] action=[0.0001728671549947377, 0.0005692171913402745, -0.0008482818302753149, 0.0, 0.0, 0.0, 0.0]
[PREDICT] instruction=grasp the blue cylinder
[PREDICT] unnorm_key=raccoon_pick_place
[PREDICT] action=[-6.911313672555014e-06, -1.7721246227202312e-05, 1.7452306552414795e-05, 0.0, 0.0, 0.0, 0.0]
[PREDICT] instruction=grasp the blue cylinder
[PREDICT] unnorm_key=raccoon_pick_place
[PREDICT] action=[-9.68005480062005e-05, -0.0006046596837946776, -0.003156906195149257, 0.0, 0.0, 0.0, 0.0]
[PREDICT] instruction=grasp the blue cylinder
[PREDICT] unnorm_key=raccoon_pick_place
[PREDICT] action=[-6.911313672555014e-06, -1.7721246227202312e-05, 1.7452306552414795e-05, 0.0, 0.0, 0.0, 0.996078431372549]
[PREDICT] instruction=grasp the blue cylinder
[PREDICT] unnorm_key=raccoon_pick_place
[PREDICT] action=[-9.68005480062005e-05, 0.004090847816745131, -7.874037531733352e-05, 0.0, 0.0, 0.0, 0.0]
[PREDICT] instruction=grasp the blue cylinder
[PREDICT] unnorm_key=raccoon_pick_place
[PREDICT] action=[-6.911313672555014e-06, -1.7721246227202312e-05, 1.7452306552414795e-05, 0.0, 0.0, 0.0, 0.996078431372549]
[PREDICT] instruction=grasp the blue cylinder
[PREDICT] unnorm_key=raccoon_pick_place
[PREDICT] action=[-6.911313672555014e-06, -1.7721246227202312e-05, 1.7452306552414795e-05, 0.0, 0.0, 0.0, 0.996078431372549]
[PREDICT] instruction=grasp the blue cylinder
[PREDICT] unnorm_key=raccoon_pick_place
[PREDICT] action=[0.0002627563893283832, 0.001449624847691488, -0.0025797501039307724, 0.0, 0.0, 0.0, 0.0]
[PREDICT] instruction=grasp the blue cylinder
[PREDICT] unnorm_key=raccoon_pick_place
[PREDICT] action=[0.0002627563893283832, 0.001449624847691488, -0.0025797501039307724, 0.0, 0.0, 0.0, 0.0]
[PREDICT] instruction=grasp the blue cylinder
[PREDICT] unnorm_key=raccoon_pick_place
[PREDICT] action=[0.0002627563893283832, 0.0014007133112275319, 0.00040222303403140633, 0.0, 0.0, 0.0, 0.0]
[PREDICT] instruction=grasp the blue cylinder
[PREDICT] unnorm_key=raccoon_pick_place
[PREDICT] action=[0.0002627563893283832, 0.0014007133112275319, 0.00040222303403140633, 0.0, 0.0, 0.0, 0.0]
[PREDICT] instruction=grasp the blue cylinder
[PREDICT] unnorm_key=raccoon_pick_place
[PREDICT] action=[-6.911313672555014e-06, -1.7721246227202312e-05, 1.7452306552414795e-05, 0.0, 0.0, 0.0, 0.996078431372549]
[PREDICT] instruction=grasp the blue cylinder
[PREDICT] unnorm_key=raccoon_pick_place
[PREDICT] action=[-6.911313672555014e-06, -1.7721246227202312e-05, 1.7452306552414795e-05, 0.0, 0.0, 0.0, 0.996078431372549]
[PREDICT] instruction=grasp the blue cylinder
[PREDICT] unnorm_key=raccoon_pick_place
[PREDICT] action=[-6.911313672555014e-06, -1.7721246227202312e-05, 1.7452306552414795e-05, 0.0, 0.0, 0.0, 0.0]
[PREDICT] instruction=grasp the red cylinder
[PREDICT] unnorm_key=raccoon_pick_place
[PREDICT] action=[-0.00018668978233984598, 0.005117990082488213, -0.002291172058321529, 0.0, 0.0, 0.0, 0.0]
[PREDICT] instruction=grasp the red cylinder
[PREDICT] unnorm_key=raccoon_pick_place
[PREDICT] action=[-0.00018668978233984598, 0.005166901618952169, -0.0020987866945820343, 0.0, 0.0, 0.0, 0.0]
[PREDICT] instruction=grasp the red cylinder
[PREDICT] unnorm_key=raccoon_pick_place
[PREDICT] action=[-0.0005462467196744331, 0.004433228571992825, -0.001040667194014808, 0.0, 0.0, 0.0, 0.0]
[PREDICT] instruction=grasp the red cylinder
[PREDICT] unnorm_key=raccoon_pick_place
[PREDICT] action=[-0.0005462467196744331, 0.004433228571992825, -0.001040667194014808, 0.0, 0.0, 0.0, 0.0]
[PREDICT] instruction=grasp the red cylinder
[PREDICT] unnorm_key=raccoon_pick_place
[PREDICT] action=[-0.0005462467196744331, 0.004482140108456781, -0.0011368598758845563, 0.0, 0.0, 0.0, 0.0]
[PREDICT] instruction=grasp the red cylinder
[PREDICT] unnorm_key=raccoon_pick_place
[PREDICT] action=[-0.0005462467196744331, 0.004286493962600955, -0.001040667194014808, 0.0, 0.0, 0.0, 0.0]
[PREDICT] instruction=grasp the red cylinder
[PREDICT] unnorm_key=raccoon_pick_place
[PREDICT] action=[-6.911313672555014e-06, -1.7721246227202312e-05, 1.7452306552414795e-05, 0.0, 0.0, 0.0, 0.0]
[PREDICT] instruction=grasp the red cylinder
[PREDICT] unnorm_key=raccoon_pick_place
[PREDICT] action=[0.0001728671549947377, 0.002721324795754352, -0.001040667194014808, 0.0, 0.0, 0.0, 0.0]
[PREDICT] instruction=grasp the red cylinder
[PREDICT] unnorm_key=raccoon_pick_place
[PREDICT] action=[-0.00018668978233984598, 0.005117990082488213, -0.002291172058321529, 0.0, 0.0, 0.0, 0.0]
[PREDICT] instruction=grasp the red cylinder
[PREDICT] unnorm_key=raccoon_pick_place
[PREDICT] action=[-0.00018668978233984598, 0.005166901618952169, -0.0020987866945820343, 0.0, 0.0, 0.0, 0.0]
[PREDICT] instruction=grasp the red cylinder
[PREDICT] unnorm_key=raccoon_pick_place
[PREDICT] action=[-0.0005462467196744331, 0.004433228571992825, -0.001040667194014808, 0.0, 0.0, 0.0, 0.0]
[PREDICT] instruction=grasp the red cylinder
[PREDICT] unnorm_key=raccoon_pick_place
[PREDICT] action=[-0.0005462467196744331, 0.004433228571992825, -0.001040667194014808, 0.0, 0.0, 0.0, 0.0]
[PREDICT] instruction=grasp the red cylinder
[PREDICT] unnorm_key=raccoon_pick_place
[PREDICT] action=[-0.0005462467196744331, 0.004482140108456781, -0.0011368598758845563, 0.0, 0.0, 0.0, 0.0]
[PREDICT] instruction=grasp the red cylinder
[PREDICT] unnorm_key=raccoon_pick_place
[PREDICT] action=[-0.0005462467196744331, 0.004286493962600955, -0.001040667194014808, 0.0, 0.0, 0.0, 0.0]
[PREDICT] instruction=grasp the red cylinder
[PREDICT] unnorm_key=raccoon_pick_place
[PREDICT] action=[-6.911313672555014e-06, -1.7721246227202312e-05, 1.7452306552414795e-05, 0.0, 0.0, 0.0, 0.0]
[PREDICT] instruction=grasp the red cylinder
[PREDICT] unnorm_key=raccoon_pick_place
[PREDICT] action=[0.0001728671549947377, 0.002721324795754352, -0.001040667194014808, 0.0, 0.0, 0.0, 0.0]
[PREDICT] instruction=grasp the red cylinder
[PREDICT] unnorm_key=raccoon_pick_place
[PREDICT] action=[-0.00018668978233984598, 0.005117990082488213, -0.002291172058321529, 0.0, 0.0, 0.0, 0.0]
[PREDICT] instruction=grasp the red cylinder
[PREDICT] unnorm_key=raccoon_pick_place
[PREDICT] action=[-0.00018668978233984598, 0.005166901618952169, -0.0020987866945820343, 0.0, 0.0, 0.0, 0.0]
[PREDICT] instruction=grasp the red cylinder
[PREDICT] unnorm_key=raccoon_pick_place
[PREDICT] action=[-0.0005462467196744331, 0.004433228571992825, -0.001040667194014808, 0.0, 0.0, 0.0, 0.0]
[PREDICT] instruction=grasp the red cylinder
[PREDICT] unnorm_key=raccoon_pick_place
[PREDICT] action=[-0.0005462467196744331, 0.004433228571992825, -0.001040667194014808, 0.0, 0.0, 0.0, 0.0]
[PREDICT] instruction=grasp the red cylinder
[PREDICT] unnorm_key=raccoon_pick_place
[PREDICT] action=[-0.0005462467196744331, 0.004482140108456781, -0.0011368598758845563, 0.0, 0.0, 0.0, 0.0]
[PREDICT] instruction=grasp the red cylinder
[PREDICT] unnorm_key=raccoon_pick_place
[PREDICT] action=[-0.0005462467196744331, 0.004286493962600955, -0.001040667194014808, 0.0, 0.0, 0.0, 0.0]
[PREDICT] instruction=grasp the red cylinder
[PREDICT] unnorm_key=raccoon_pick_place
[PREDICT] action=[-6.911313672555014e-06, -1.7721246227202312e-05, 1.7452306552414795e-05, 0.0, 0.0, 0.0, 0.0]
[PREDICT] instruction=grasp the red cylinder
[PREDICT] unnorm_key=raccoon_pick_place
[PREDICT] action=[0.0001728671549947377, 0.002721324795754352, -0.001040667194014808, 0.0, 0.0, 0.0, 0.0]
[PREDICT] instruction=grasp the red cylinder
[PREDICT] unnorm_key=raccoon_pick_place
[PREDICT] action=[-0.00018668978233984598, 0.005117990082488213, -0.002291172058321529, 0.0, 0.0, 0.0, 0.0]
[PREDICT] instruction=grasp the red cylinder
[PREDICT] unnorm_key=raccoon_pick_place
[PREDICT] action=[-0.0006361359540080786, 0.007416832296294161, 0.0010755718071196376, 0.0, 0.0, 0.0, 0.0]
[PREDICT] instruction=grasp the red cylinder
[PREDICT] unnorm_key=raccoon_pick_place
[PREDICT] action=[-0.0005462467196744331, 0.004433228571992825, -0.001040667194014808, 0.0, 0.0, 0.0, 0.0]
[PREDICT] instruction=grasp the red cylinder
[PREDICT] unnorm_key=raccoon_pick_place
[PREDICT] action=[-0.0006361359540080786, 0.004286493962600955, -0.001040667194014808, 0.0, 0.0, 0.0, 0.0]
[PREDICT] instruction=grasp the red cylinder
[PREDICT] unnorm_key=raccoon_pick_place
[PREDICT] action=[0.0001728671549947377, 0.0029169709416101784, -0.01450764265577948, 0.0, 0.0, 0.0, 0.0]
[PREDICT] instruction=grasp the red cylinder
[PREDICT] unnorm_key=raccoon_pick_place
[PREDICT] action=[-6.911313672555014e-06, -1.7721246227202312e-05, 1.7452306552414795e-05, 0.0, 0.0, 0.0, 0.0]
[PREDICT] instruction=grasp the red cylinder
[PREDICT] unnorm_key=raccoon_pick_place
[PREDICT] action=[-6.911313672555014e-06, -1.7721246227202312e-05, 1.7452306552414795e-05, 0.0, 0.0, 0.0, 0.0]
[PREDICT] instruction=grasp the red cylinder
[PREDICT] unnorm_key=raccoon_pick_place
[PREDICT] action=[-6.911313672555014e-06, -1.7721246227202312e-05, 1.7452306552414795e-05, 0.0, 0.0, 0.0, 0.0]
[PREDICT] instruction=grasp the red cylinder
[PREDICT] unnorm_key=raccoon_pick_place
[PREDICT] action=[-6.911313672555014e-06, -1.7721246227202312e-05, 1.7452306552414795e-05, 0.0, 0.0, 0.0, 0.0]
[PREDICT] instruction=grasp the red cylinder
[PREDICT] unnorm_key=raccoon_pick_place
[PREDICT] action=[-6.911313672555014e-06, -1.7721246227202312e-05, 1.7452306552414795e-05, 0.0, 0.0, 0.0, 0.0]
[PREDICT] instruction=grasp the red cylinder
[PREDICT] unnorm_key=raccoon_pick_place
[PREDICT] action=[-6.911313672555014e-06, -1.7721246227202312e-05, 1.7452306552414795e-05, 0.0, 0.0, 0.0, 0.0]
[PREDICT] instruction=grasp the red cylinder
[PREDICT] unnorm_key=raccoon_pick_place
[PREDICT] action=[-6.911313672555014e-06, -1.7721246227202312e-05, 1.7452306552414795e-05, 0.0, 0.0, 0.0, 0.0]
[PREDICT] instruction=grasp the red cylinder
[PREDICT] unnorm_key=raccoon_pick_place
[PREDICT] action=[-6.911313672555014e-06, -1.7721246227202312e-05, 1.7452306552414795e-05, 0.0, 0.0, 0.0, 0.0]
[PREDICT] instruction=grasp the red cylinder
[PREDICT] unnorm_key=raccoon_pick_place
[PREDICT] action=[-6.911313672555014e-06, -1.7721246227202312e-05, 1.7452306552414795e-05, 0.0, 0.0, 0.0, 0.0]
[PREDICT] instruction=grasp the red cylinder
[PREDICT] unnorm_key=raccoon_pick_place
[PREDICT] action=[-6.911313672555014e-06, -1.7721246227202312e-05, 1.7452306552414795e-05, 0.0, 0.0, 0.0, 0.996078431372549]
[PREDICT] instruction=grasp the red cylinder
[PREDICT] unnorm_key=raccoon_pick_place
[PREDICT] action=[-6.911313672555014e-06, -1.7721246227202312e-05, 1.7452306552414795e-05, 0.0, 0.0, 0.0, 0.996078431372549]
[PREDICT] instruction=grasp the red cylinder
[PREDICT] unnorm_key=raccoon_pick_place
[PREDICT] action=[0.0002627563893283832, 0.001449624847691488, 1.7452306552414795e-05, 0.0, 0.0, 0.0, 0.0]
[PREDICT] instruction=grasp the red cylinder
[PREDICT] unnorm_key=raccoon_pick_place
[PREDICT] action=[-6.911313672555014e-06, -1.7721246227202312e-05, 1.7452306552414795e-05, 0.0, 0.0, 0.0, 0.996078431372549]
[PREDICT] instruction=grasp the red cylinder
[PREDICT] unnorm_key=raccoon_pick_place
[PREDICT] action=[-6.911313672555014e-06, -1.7721246227202312e-05, 1.7452306552414795e-05, 0.0, 0.0, 0.0, 0.996078431372549]
[PREDICT] instruction=grasp the red cylinder
[PREDICT] unnorm_key=raccoon_pick_place
[PREDICT] action=[-6.911313672555014e-06, -1.7721246227202312e-05, 1.7452306552414795e-05, 0.0, 0.0, 0.0, 0.996078431372549]
[PREDICT] instruction=grasp the red cylinder
[PREDICT] unnorm_key=raccoon_pick_place
[PREDICT] action=[-6.911313672555014e-06, -1.7721246227202312e-05, 1.7452306552414795e-05, 0.0, 0.0, 0.0, 0.996078431372549]
[PREDICT] instruction=grasp the red cylinder
[PREDICT] unnorm_key=raccoon_pick_place
[PREDICT] action=[-6.911313672555014e-06, -1.7721246227202312e-05, 1.7452306552414795e-05, 0.0, 0.0, 0.0, 0.996078431372549]
[PREDICT] instruction=grasp the red cylinder
[PREDICT] unnorm_key=raccoon_pick_place
[PREDICT] action=[-6.911313672555014e-06, -1.7721246227202312e-05, 1.7452306552414795e-05, 0.0, 0.0, 0.0, 0.996078431372549]
[PREDICT] instruction=grasp the red cylinder
[PREDICT] unnorm_key=raccoon_pick_place
[PREDICT] action=[-6.911313672555014e-06, -1.7721246227202312e-05, 1.7452306552414795e-05, 0.0, 0.0, 0.0, 0.996078431372549]
[PREDICT] instruction=grasp the red cylinder
[PREDICT] unnorm_key=raccoon_pick_place
[PREDICT] action=[-6.911313672555014e-06, -1.7721246227202312e-05, 1.7452306552414795e-05, 0.0, 0.0, 0.0, 0.996078431372549]
[PREDICT] instruction=grasp the red cylinder
[PREDICT] unnorm_key=raccoon_pick_place
[PREDICT] action=[-6.911313672555014e-06, -1.7721246227202312e-05, 1.7452306552414795e-05, 0.0, 0.0, 0.0, 0.996078431372549]
[PREDICT] instruction=grasp the red cylinder
[PREDICT] unnorm_key=raccoon_pick_place
[PREDICT] action=[-0.00018668978233984598, 0.005117990082488213, -0.002291172058321529, 0.0, 0.0, 0.0, 0.0]
[PREDICT] instruction=grasp the red cylinder
[PREDICT] unnorm_key=raccoon_pick_place
[PREDICT] action=[-0.0006361359540080786, 0.007416832296294161, 0.0010755718071196376, 0.0, 0.0, 0.0, 0.0]
[PREDICT] instruction=grasp the red cylinder
[PREDICT] unnorm_key=raccoon_pick_place
[PREDICT] action=[-0.0005462467196744331, 0.004433228571992825, -0.001040667194014808, 0.0, 0.0, 0.0, 0.0]
[PREDICT] instruction=grasp the red cylinder
[PREDICT] unnorm_key=raccoon_pick_place
[PREDICT] action=[-0.0006361359540080786, 0.004286493962600955, -0.001040667194014808, 0.0, 0.0, 0.0, 0.0]
[PREDICT] instruction=grasp the red cylinder
[PREDICT] unnorm_key=raccoon_pick_place
[PREDICT] action=[0.0001728671549947377, 0.0029169709416101784, -0.01450764265577948, 0.0, 0.0, 0.0, 0.0]
[PREDICT] instruction=grasp the red cylinder
[PREDICT] unnorm_key=raccoon_pick_place
[PREDICT] action=[-6.911313672555014e-06, -1.7721246227202312e-05, 1.7452306552414795e-05, 0.0, 0.0, 0.0, 0.0]
[PREDICT] instruction=grasp the red cylinder
[PREDICT] unnorm_key=raccoon_pick_place
[PREDICT] action=[-6.911313672555014e-06, -1.7721246227202312e-05, 1.7452306552414795e-05, 0.0, 0.0, 0.0, 0.0]
[PREDICT] instruction=grasp the red cylinder
[PREDICT] unnorm_key=raccoon_pick_place
[PREDICT] action=[-6.911313672555014e-06, -1.7721246227202312e-05, 1.7452306552414795e-05, 0.0, 0.0, 0.0, 0.0]
[PREDICT] instruction=grasp the red cylinder
[PREDICT] unnorm_key=raccoon_pick_place
[PREDICT] action=[-6.911313672555014e-06, -1.7721246227202312e-05, 1.7452306552414795e-05, 0.0, 0.0, 0.0, 0.0]
[PREDICT] instruction=grasp the red cylinder
[PREDICT] unnorm_key=raccoon_pick_place
[PREDICT] action=[-6.911313672555014e-06, -1.7721246227202312e-05, 1.7452306552414795e-05, 0.0, 0.0, 0.0, 0.0]
[PREDICT] instruction=grasp the red cylinder
[PREDICT] unnorm_key=raccoon_pick_place
[PREDICT] action=[-6.911313672555014e-06, -1.7721246227202312e-05, 1.7452306552414795e-05, 0.0, 0.0, 0.0, 0.0]
[PREDICT] instruction=grasp the red cylinder
[PREDICT] unnorm_key=raccoon_pick_place
[PREDICT] action=[-6.911313672555014e-06, -1.7721246227202312e-05, 1.7452306552414795e-05, 0.0, 0.0, 0.0, 0.0]
[PREDICT] instruction=grasp the red cylinder
[PREDICT] unnorm_key=raccoon_pick_place
[PREDICT] action=[-6.911313672555014e-06, -1.7721246227202312e-05, 1.7452306552414795e-05, 0.0, 0.0, 0.0, 0.0]
[PREDICT] instruction=grasp the red cylinder
[PREDICT] unnorm_key=raccoon_pick_place
[PREDICT] action=[-6.911313672555014e-06, -1.7721246227202312e-05, 1.7452306552414795e-05, 0.0, 0.0, 0.0, 0.0]
[PREDICT] instruction=grasp the red cylinder
[PREDICT] unnorm_key=raccoon_pick_place
[PREDICT] action=[-6.911313672555014e-06, -1.7721246227202312e-05, 1.7452306552414795e-05, 0.0, 0.0, 0.0, 0.996078431372549]
[PREDICT] instruction=grasp the red cylinder
[PREDICT] unnorm_key=raccoon_pick_place
[PREDICT] action=[-6.911313672555014e-06, -1.7721246227202312e-05, 1.7452306552414795e-05, 0.0, 0.0, 0.0, 0.996078431372549]
[PREDICT] instruction=grasp the red cylinder
[PREDICT] unnorm_key=raccoon_pick_place
[PREDICT] action=[0.0002627563893283832, 0.001449624847691488, 1.7452306552414795e-05, 0.0, 0.0, 0.0, 0.0]
[PREDICT] instruction=grasp the red cylinder
[PREDICT] unnorm_key=raccoon_pick_place
[PREDICT] action=[-6.911313672555014e-06, -1.7721246227202312e-05, 1.7452306552414795e-05, 0.0, 0.0, 0.0, 0.996078431372549]
[PREDICT] instruction=grasp the red cylinder
[PREDICT] unnorm_key=raccoon_pick_place
[PREDICT] action=[-6.911313672555014e-06, -1.7721246227202312e-05, 1.7452306552414795e-05, 0.0, 0.0, 0.0, 0.996078431372549]
[PREDICT] instruction=grasp the red cylinder
[PREDICT] unnorm_key=raccoon_pick_place
[PREDICT] action=[-6.911313672555014e-06, -1.7721246227202312e-05, 1.7452306552414795e-05, 0.0, 0.0, 0.0, 0.996078431372549]
[PREDICT] instruction=grasp the red cylinder
[PREDICT] unnorm_key=raccoon_pick_place
[PREDICT] action=[-6.911313672555014e-06, -1.7721246227202312e-05, 1.7452306552414795e-05, 0.0, 0.0, 0.0, 0.996078431372549]
[PREDICT] instruction=grasp the red cylinder
[PREDICT] unnorm_key=raccoon_pick_place
[PREDICT] action=[-6.911313672555014e-06, -1.7721246227202312e-05, 1.7452306552414795e-05, 0.0, 0.0, 0.0, 0.996078431372549]
[PREDICT] instruction=grasp the red cylinder
[PREDICT] unnorm_key=raccoon_pick_place
[PREDICT] action=[-6.911313672555014e-06, -1.7721246227202312e-05, 1.7452306552414795e-05, 0.0, 0.0, 0.0, 0.996078431372549]
[PREDICT] instruction=grasp the red cylinder
[PREDICT] unnorm_key=raccoon_pick_place
[PREDICT] action=[-6.911313672555014e-06, -1.7721246227202312e-05, 1.7452306552414795e-05, 0.0, 0.0, 0.0, 0.996078431372549]
[PREDICT] instruction=grasp the red cylinder
[PREDICT] unnorm_key=raccoon_pick_place
[PREDICT] action=[-6.911313672555014e-06, -1.7721246227202312e-05, 1.7452306552414795e-05, 0.0, 0.0, 0.0, 0.996078431372549]
[PREDICT] instruction=grasp the red cylinder
[PREDICT] unnorm_key=raccoon_pick_place
[PREDICT] action=[-6.911313672555014e-06, -1.7721246227202312e-05, 1.7452306552414795e-05, 0.0, 0.0, 0.0, 0.996078431372549]
[PREDICT] instruction=grasp the red cylinder
[PREDICT] unnorm_key=raccoon_pick_place
[PREDICT] action=[-0.00018668978233984598, 0.005117990082488213, -0.002291172058321529, 0.0, 0.0, 0.0, 0.0]
[PREDICT] instruction=grasp the red cylinder
[PREDICT] unnorm_key=raccoon_pick_place
[PREDICT] action=[-0.0006361359540080786, 0.007416832296294161, 0.0010755718071196376, 0.0, 0.0, 0.0, 0.0]
[PREDICT] instruction=grasp the red cylinder
[PREDICT] unnorm_key=raccoon_pick_place
[PREDICT] action=[-0.0005462467196744331, 0.004433228571992825, -0.001040667194014808, 0.0, 0.0, 0.0, 0.0]
[PREDICT] instruction=grasp the red cylinder
[PREDICT] unnorm_key=raccoon_pick_place
[PREDICT] action=[-0.0006361359540080786, 0.004286493962600955, -0.001040667194014808, 0.0, 0.0, 0.0, 0.0]
[PREDICT] instruction=grasp the red cylinder
[PREDICT] unnorm_key=raccoon_pick_place
[PREDICT] action=[0.0001728671549947377, 0.0029169709416101784, -0.01450764265577948, 0.0, 0.0, 0.0, 0.0]
[PREDICT] instruction=grasp the red cylinder
[PREDICT] unnorm_key=raccoon_pick_place
[PREDICT] action=[-6.911313672555014e-06, -1.7721246227202312e-05, 1.7452306552414795e-05, 0.0, 0.0, 0.0, 0.0]
[PREDICT] instruction=grasp the red cylinder
[PREDICT] unnorm_key=raccoon_pick_place
[PREDICT] action=[-6.911313672555014e-06, -1.7721246227202312e-05, 1.7452306552414795e-05, 0.0, 0.0, 0.0, 0.0]
[PREDICT] instruction=grasp the red cylinder
[PREDICT] unnorm_key=raccoon_pick_place
[PREDICT] action=[-6.911313672555014e-06, -1.7721246227202312e-05, 1.7452306552414795e-05, 0.0, 0.0, 0.0, 0.0]
[PREDICT] instruction=grasp the red cylinder
[PREDICT] unnorm_key=raccoon_pick_place
[PREDICT] action=[-6.911313672555014e-06, -1.7721246227202312e-05, 1.7452306552414795e-05, 0.0, 0.0, 0.0, 0.0]
[PREDICT] instruction=grasp the red cylinder
[PREDICT] unnorm_key=raccoon_pick_place
[PREDICT] action=[-6.911313672555014e-06, -1.7721246227202312e-05, 1.7452306552414795e-05, 0.0, 0.0, 0.0, 0.0]
[PREDICT] instruction=grasp the red cylinder
[PREDICT] unnorm_key=raccoon_pick_place
[PREDICT] action=[-6.911313672555014e-06, -1.7721246227202312e-05, 1.7452306552414795e-05, 0.0, 0.0, 0.0, 0.0]
[PREDICT] instruction=grasp the red cylinder
[PREDICT] unnorm_key=raccoon_pick_place
[PREDICT] action=[-6.911313672555014e-06, -1.7721246227202312e-05, 1.7452306552414795e-05, 0.0, 0.0, 0.0, 0.0]
[PREDICT] instruction=grasp the red cylinder
[PREDICT] unnorm_key=raccoon_pick_place
[PREDICT] action=[-6.911313672555014e-06, -1.7721246227202312e-05, 1.7452306552414795e-05, 0.0, 0.0, 0.0, 0.0]
[PREDICT] instruction=grasp the red cylinder
[PREDICT] unnorm_key=raccoon_pick_place
[PREDICT] action=[-6.911313672555014e-06, -1.7721246227202312e-05, 1.7452306552414795e-05, 0.0, 0.0, 0.0, 0.0]
[PREDICT] instruction=grasp the red cylinder
[PREDICT] unnorm_key=raccoon_pick_place
[PREDICT] action=[-6.911313672555014e-06, -1.7721246227202312e-05, 1.7452306552414795e-05, 0.0, 0.0, 0.0, 0.996078431372549]
[PREDICT] instruction=grasp the red cylinder
[PREDICT] unnorm_key=raccoon_pick_place
[PREDICT] action=[-6.911313672555014e-06, -1.7721246227202312e-05, 1.7452306552414795e-05, 0.0, 0.0, 0.0, 0.996078431372549]
[PREDICT] instruction=grasp the red cylinder
[PREDICT] unnorm_key=raccoon_pick_place
[PREDICT] action=[0.0002627563893283832, 0.001449624847691488, 1.7452306552414795e-05, 0.0, 0.0, 0.0, 0.0]
[PREDICT] instruction=grasp the red cylinder
[PREDICT] unnorm_key=raccoon_pick_place
[PREDICT] action=[-6.911313672555014e-06, -1.7721246227202312e-05, 1.7452306552414795e-05, 0.0, 0.0, 0.0, 0.996078431372549]
[PREDICT] instruction=grasp the red cylinder
[PREDICT] unnorm_key=raccoon_pick_place
[PREDICT] action=[-6.911313672555014e-06, -1.7721246227202312e-05, 1.7452306552414795e-05, 0.0, 0.0, 0.0, 0.996078431372549]
[PREDICT] instruction=grasp the red cylinder
[PREDICT] unnorm_key=raccoon_pick_place
[PREDICT] action=[-6.911313672555014e-06, -1.7721246227202312e-05, 1.7452306552414795e-05, 0.0, 0.0, 0.0, 0.996078431372549]
[PREDICT] instruction=grasp the red cylinder
[PREDICT] unnorm_key=raccoon_pick_place
[PREDICT] action=[-6.911313672555014e-06, -1.7721246227202312e-05, 1.7452306552414795e-05, 0.0, 0.0, 0.0, 0.996078431372549]
[PREDICT] instruction=grasp the red cylinder
[PREDICT] unnorm_key=raccoon_pick_place
[PREDICT] action=[-6.911313672555014e-06, -1.7721246227202312e-05, 1.7452306552414795e-05, 0.0, 0.0, 0.0, 0.996078431372549]
[PREDICT] instruction=grasp the red cylinder
[PREDICT] unnorm_key=raccoon_pick_place
[PREDICT] action=[-6.911313672555014e-06, -1.7721246227202312e-05, 1.7452306552414795e-05, 0.0, 0.0, 0.0, 0.996078431372549]
[PREDICT] instruction=grasp the red cylinder
[PREDICT] unnorm_key=raccoon_pick_place
[PREDICT] action=[-6.911313672555014e-06, -1.7721246227202312e-05, 1.7452306552414795e-05, 0.0, 0.0, 0.0, 0.996078431372549]
[PREDICT] instruction=grasp the red cylinder
[PREDICT] unnorm_key=raccoon_pick_place
[PREDICT] action=[-6.911313672555014e-06, -1.7721246227202312e-05, 1.7452306552414795e-05, 0.0, 0.0, 0.0, 0.996078431372549]
[PREDICT] instruction=grasp the red cylinder
[PREDICT] unnorm_key=raccoon_pick_place
[PREDICT] action=[-6.911313672555014e-06, -1.7721246227202312e-05, 1.7452306552414795e-05, 0.0, 0.0, 0.0, 0.996078431372549]
[PREDICT] instruction=grasp the red cylinder
[PREDICT] unnorm_key=raccoon_pick_place
[PREDICT] action=[-0.00018668978233984598, 0.005117990082488213, -0.002291172058321529, 0.0, 0.0, 0.0, 0.0]
[PREDICT] instruction=grasp the red cylinder
[PREDICT] unnorm_key=raccoon_pick_place
[PREDICT] action=[-0.0006361359540080786, 0.007416832296294161, 0.0010755718071196376, 0.0, 0.0, 0.0, 0.0]
[PREDICT] instruction=grasp the red cylinder
[PREDICT] unnorm_key=raccoon_pick_place
[PREDICT] action=[-0.0005462467196744331, 0.004433228571992825, -0.001040667194014808, 0.0, 0.0, 0.0, 0.0]
[PREDICT] instruction=grasp the red cylinder
[PREDICT] unnorm_key=raccoon_pick_place
[PREDICT] action=[-0.0006361359540080786, 0.004286493962600955, -0.001040667194014808, 0.0, 0.0, 0.0, 0.0]
[PREDICT] instruction=grasp the red cylinder
[PREDICT] unnorm_key=raccoon_pick_place
[PREDICT] action=[0.0001728671549947377, 0.0029169709416101784, -0.01450764265577948, 0.0, 0.0, 0.0, 0.0]
[PREDICT] instruction=grasp the red cylinder
[PREDICT] unnorm_key=raccoon_pick_place
[PREDICT] action=[-6.911313672555014e-06, -1.7721246227202312e-05, 1.7452306552414795e-05, 0.0, 0.0, 0.0, 0.0]
[PREDICT] instruction=grasp the red cylinder
[PREDICT] unnorm_key=raccoon_pick_place
[PREDICT] action=[-6.911313672555014e-06, -1.7721246227202312e-05, 1.7452306552414795e-05, 0.0, 0.0, 0.0, 0.0]
[PREDICT] instruction=grasp the red cylinder
[PREDICT] unnorm_key=raccoon_pick_place
[PREDICT] action=[-6.911313672555014e-06, -1.7721246227202312e-05, 1.7452306552414795e-05, 0.0, 0.0, 0.0, 0.0]
[PREDICT] instruction=grasp the red cylinder
[PREDICT] unnorm_key=raccoon_pick_place
[PREDICT] action=[-6.911313672555014e-06, -1.7721246227202312e-05, 1.7452306552414795e-05, 0.0, 0.0, 0.0, 0.0]
[PREDICT] instruction=grasp the red cylinder
[PREDICT] unnorm_key=raccoon_pick_place
[PREDICT] action=[-6.911313672555014e-06, -1.7721246227202312e-05, 1.7452306552414795e-05, 0.0, 0.0, 0.0, 0.0]
[PREDICT] instruction=grasp the red cylinder
[PREDICT] unnorm_key=raccoon_pick_place
[PREDICT] action=[-6.911313672555014e-06, -1.7721246227202312e-05, 1.7452306552414795e-05, 0.0, 0.0, 0.0, 0.0]
[PREDICT] instruction=grasp the red cylinder
[PREDICT] unnorm_key=raccoon_pick_place
[PREDICT] action=[-6.911313672555014e-06, -1.7721246227202312e-05, 1.7452306552414795e-05, 0.0, 0.0, 0.0, 0.0]
[PREDICT] instruction=grasp the red cylinder
[PREDICT] unnorm_key=raccoon_pick_place
[PREDICT] action=[-6.911313672555014e-06, -1.7721246227202312e-05, 1.7452306552414795e-05, 0.0, 0.0, 0.0, 0.0]
[PREDICT] instruction=grasp the red cylinder
[PREDICT] unnorm_key=raccoon_pick_place
[PREDICT] action=[-6.911313672555014e-06, -1.7721246227202312e-05, 1.7452306552414795e-05, 0.0, 0.0, 0.0, 0.0]
[PREDICT] instruction=grasp the red cylinder
[PREDICT] unnorm_key=raccoon_pick_place
[PREDICT] action=[-6.911313672555014e-06, -1.7721246227202312e-05, 1.7452306552414795e-05, 0.0, 0.0, 0.0, 0.996078431372549]
[PREDICT] instruction=grasp the red cylinder
[PREDICT] unnorm_key=raccoon_pick_place
[PREDICT] action=[-6.911313672555014e-06, -1.7721246227202312e-05, 1.7452306552414795e-05, 0.0, 0.0, 0.0, 0.996078431372549]
[PREDICT] instruction=grasp the red cylinder
[PREDICT] unnorm_key=raccoon_pick_place
[PREDICT] action=[0.0002627563893283832, 0.001449624847691488, 1.7452306552414795e-05, 0.0, 0.0, 0.0, 0.0]
[PREDICT] instruction=grasp the red cylinder
[PREDICT] unnorm_key=raccoon_pick_place
[PREDICT] action=[-6.911313672555014e-06, -1.7721246227202312e-05, 1.7452306552414795e-05, 0.0, 0.0, 0.0, 0.996078431372549]
[PREDICT] instruction=grasp the red cylinder
[PREDICT] unnorm_key=raccoon_pick_place
[PREDICT] action=[-6.911313672555014e-06, -1.7721246227202312e-05, 1.7452306552414795e-05, 0.0, 0.0, 0.0, 0.996078431372549]
[PREDICT] instruction=grasp the red cylinder
[PREDICT] unnorm_key=raccoon_pick_place
[PREDICT] action=[-6.911313672555014e-06, -1.7721246227202312e-05, 1.7452306552414795e-05, 0.0, 0.0, 0.0, 0.996078431372549]
[PREDICT] instruction=grasp the red cylinder
[PREDICT] unnorm_key=raccoon_pick_place
[PREDICT] action=[-6.911313672555014e-06, -1.7721246227202312e-05, 1.7452306552414795e-05, 0.0, 0.0, 0.0, 0.996078431372549]
[PREDICT] instruction=grasp the red cylinder
[PREDICT] unnorm_key=raccoon_pick_place
[PREDICT] action=[-6.911313672555014e-06, -1.7721246227202312e-05, 1.7452306552414795e-05, 0.0, 0.0, 0.0, 0.996078431372549]
[PREDICT] instruction=grasp the red cylinder
[PREDICT] unnorm_key=raccoon_pick_place
[PREDICT] action=[-6.911313672555014e-06, -1.7721246227202312e-05, 1.7452306552414795e-05, 0.0, 0.0, 0.0, 0.996078431372549]
[PREDICT] instruction=grasp the red cylinder
[PREDICT] unnorm_key=raccoon_pick_place
[PREDICT] action=[-6.911313672555014e-06, -1.7721246227202312e-05, 1.7452306552414795e-05, 0.0, 0.0, 0.0, 0.996078431372549]
[PREDICT] instruction=grasp the red cylinder
[PREDICT] unnorm_key=raccoon_pick_place
[PREDICT] action=[-6.911313672555014e-06, -1.7721246227202312e-05, 1.7452306552414795e-05, 0.0, 0.0, 0.0, 0.996078431372549]
[PREDICT] instruction=grasp the red cylinder
[PREDICT] unnorm_key=raccoon_pick_place
[PREDICT] action=[-6.911313672555014e-06, -1.7721246227202312e-05, 1.7452306552414795e-05, 0.0, 0.0, 0.0, 0.996078431372549]
[PREDICT] instruction=grasp the red cylinder
[PREDICT] unnorm_key=raccoon_pick_place
[PREDICT] action=[-0.00018668978233984598, 0.005117990082488213, -0.002291172058321529, 0.0, 0.0, 0.0, 0.0]
[PREDICT] instruction=grasp the red cylinder
[PREDICT] unnorm_key=raccoon_pick_place
[PREDICT] action=[-0.0006361359540080786, 0.007416832296294161, 0.0010755718071196376, 0.0, 0.0, 0.0, 0.0]
[PREDICT] instruction=grasp the red cylinder
[PREDICT] unnorm_key=raccoon_pick_place
[PREDICT] action=[-0.0005462467196744331, 0.004433228571992825, -0.001040667194014808, 0.0, 0.0, 0.0, 0.0]
[PREDICT] instruction=grasp the red cylinder
[PREDICT] unnorm_key=raccoon_pick_place
[PREDICT] action=[-0.0006361359540080786, 0.004286493962600955, -0.001040667194014808, 0.0, 0.0, 0.0, 0.0]
[PREDICT] instruction=grasp the red cylinder
[PREDICT] unnorm_key=raccoon_pick_place
[PREDICT] action=[0.0001728671549947377, 0.0029169709416101784, -0.01450764265577948, 0.0, 0.0, 0.0, 0.0]
[PREDICT] instruction=grasp the red cylinder
[PREDICT] unnorm_key=raccoon_pick_place
[PREDICT] action=[-6.911313672555014e-06, -1.7721246227202312e-05, 1.7452306552414795e-05, 0.0, 0.0, 0.0, 0.0]
[PREDICT] instruction=grasp the red cylinder
[PREDICT] unnorm_key=raccoon_pick_place
[PREDICT] action=[-6.911313672555014e-06, -1.7721246227202312e-05, 1.7452306552414795e-05, 0.0, 0.0, 0.0, 0.0]
[PREDICT] instruction=grasp the red cylinder
[PREDICT] unnorm_key=raccoon_pick_place
[PREDICT] action=[-6.911313672555014e-06, -1.7721246227202312e-05, 1.7452306552414795e-05, 0.0, 0.0, 0.0, 0.0]
[PREDICT] instruction=grasp the red cylinder
[PREDICT] unnorm_key=raccoon_pick_place
[PREDICT] action=[-6.911313672555014e-06, -1.7721246227202312e-05, 1.7452306552414795e-05, 0.0, 0.0, 0.0, 0.0]
[PREDICT] instruction=grasp the red cylinder
[PREDICT] unnorm_key=raccoon_pick_place
[PREDICT] action=[-6.911313672555014e-06, -1.7721246227202312e-05, 1.7452306552414795e-05, 0.0, 0.0, 0.0, 0.0]
[PREDICT] instruction=grasp the red cylinder
[PREDICT] unnorm_key=raccoon_pick_place
[PREDICT] action=[-6.911313672555014e-06, -1.7721246227202312e-05, 1.7452306552414795e-05, 0.0, 0.0, 0.0, 0.0]
[PREDICT] instruction=grasp the red cylinder
[PREDICT] unnorm_key=raccoon_pick_place
[PREDICT] action=[-6.911313672555014e-06, -1.7721246227202312e-05, 1.7452306552414795e-05, 0.0, 0.0, 0.0, 0.0]
[PREDICT] instruction=grasp the red cylinder
[PREDICT] unnorm_key=raccoon_pick_place
[PREDICT] action=[-6.911313672555014e-06, -1.7721246227202312e-05, 1.7452306552414795e-05, 0.0, 0.0, 0.0, 0.0]
[PREDICT] instruction=grasp the red cylinder
[PREDICT] unnorm_key=raccoon_pick_place
[PREDICT] action=[-6.911313672555014e-06, -1.7721246227202312e-05, 1.7452306552414795e-05, 0.0, 0.0, 0.0, 0.0]
[PREDICT] instruction=grasp the red cylinder
[PREDICT] unnorm_key=raccoon_pick_place
[PREDICT] action=[-6.911313672555014e-06, -1.7721246227202312e-05, 1.7452306552414795e-05, 0.0, 0.0, 0.0, 0.996078431372549]
[PREDICT] instruction=grasp the red cylinder
[PREDICT] unnorm_key=raccoon_pick_place
[PREDICT] action=[-6.911313672555014e-06, -1.7721246227202312e-05, 1.7452306552414795e-05, 0.0, 0.0, 0.0, 0.996078431372549]
[PREDICT] instruction=grasp the red cylinder
[PREDICT] unnorm_key=raccoon_pick_place
[PREDICT] action=[0.0002627563893283832, 0.001449624847691488, 1.7452306552414795e-05, 0.0, 0.0, 0.0, 0.0]
[PREDICT] instruction=grasp the red cylinder
[PREDICT] unnorm_key=raccoon_pick_place
[PREDICT] action=[-6.911313672555014e-06, -1.7721246227202312e-05, 1.7452306552414795e-05, 0.0, 0.0, 0.0, 0.996078431372549]
[PREDICT] instruction=grasp the red cylinder
[PREDICT] unnorm_key=raccoon_pick_place
[PREDICT] action=[-6.911313672555014e-06, -1.7721246227202312e-05, 1.7452306552414795e-05, 0.0, 0.0, 0.0, 0.996078431372549]
[PREDICT] instruction=grasp the red cylinder
[PREDICT] unnorm_key=raccoon_pick_place
[PREDICT] action=[-6.911313672555014e-06, -1.7721246227202312e-05, 1.7452306552414795e-05, 0.0, 0.0, 0.0, 0.996078431372549]
[PREDICT] instruction=grasp the red cylinder
[PREDICT] unnorm_key=raccoon_pick_place
[PREDICT] action=[-6.911313672555014e-06, -1.7721246227202312e-05, 1.7452306552414795e-05, 0.0, 0.0, 0.0, 0.996078431372549]
[PREDICT] instruction=grasp the red cylinder
[PREDICT] unnorm_key=raccoon_pick_place
[PREDICT] action=[-6.911313672555014e-06, -1.7721246227202312e-05, 1.7452306552414795e-05, 0.0, 0.0, 0.0, 0.996078431372549]
[PREDICT] instruction=grasp the red cylinder
[PREDICT] unnorm_key=raccoon_pick_place
[PREDICT] action=[-6.911313672555014e-06, -1.7721246227202312e-05, 1.7452306552414795e-05, 0.0, 0.0, 0.0, 0.996078431372549]
[PREDICT] instruction=grasp the red cylinder
[PREDICT] unnorm_key=raccoon_pick_place
[PREDICT] action=[-6.911313672555014e-06, -1.7721246227202312e-05, 1.7452306552414795e-05, 0.0, 0.0, 0.0, 0.996078431372549]
[PREDICT] instruction=grasp the red cylinder
[PREDICT] unnorm_key=raccoon_pick_place
[PREDICT] action=[-6.911313672555014e-06, -1.7721246227202312e-05, 1.7452306552414795e-05, 0.0, 0.0, 0.0, 0.996078431372549]
[PREDICT] instruction=grasp the red cylinder
[PREDICT] unnorm_key=raccoon_pick_place
[PREDICT] action=[-6.911313672555014e-06, -1.7721246227202312e-05, 1.7452306552414795e-05, 0.0, 0.0, 0.0, 0.996078431372549]
